filename,width,height,class,xmin,ymin,xmax,ymax
WIN_20240825_21_52_54_Pro-2-_jpg.rf.3bcee0b69e829f1baf8d317ac94793e8.jpg,1280,720,Hello,236,385,460,629
WIN_20240825_21_52_54_Pro-2-_jpg.rf.3bcee0b69e829f1baf8d317ac94793e8.jpg,1280,720,Hello,500,281,717,404
WIN_20240825_21_52_54_Pro-2-_jpg.rf.3bcee0b69e829f1baf8d317ac94793e8.jpg,1280,720,Hello,790,305,998,501
WIN_20240825_21_43_58_Pro_jpg.rf.417567af8023f6912720564e924bad85.jpg,1280,720,NO,370,120,645,341
WIN_20240825_21_43_58_Pro_jpg.rf.417567af8023f6912720564e924bad85.jpg,1280,720,Hello,927,214,1177,449
WIN_20240825_21_25_51_Pro_jpg.rf.3d0d8045967fb9efc2436d4ef43a8e19.jpg,1280,720,I Love You,275,202,509,400
WIN_20240825_21_25_51_Pro_jpg.rf.3d0d8045967fb9efc2436d4ef43a8e19.jpg,1280,720,Hello,984,40,1258,337
WIN_20240825_21_40_38_Pro-2-_jpg.rf.41d6031cee986da3ec8fbb87c6a1760b.jpg,1280,720,NO,635,260,946,469
WIN_20240825_21_39_58_Pro_jpg.rf.3cc5c43f2164499bfbb7300450b7e2f5.jpg,1280,720,yes,535,387,769,680
WIN_20240825_21_16_43_Pro_jpg.rf.3e0d633546d78e8d0e34e35397842a4a.jpg,1280,720,NO,619,152,878,337
WIN_20240825_11_50_13_Pro_jpg.rf.3ff2e320220d064af36f7c09e3cb4645.jpg,1280,720,Thank You,413,294,942,616
WIN_20240825_21_17_38_Pro_jpg.rf.3e0b048d4d88392137756edea04448c4.jpg,1280,720,Thank You,409,180,713,422
WIN_20240825_21_41_56_Pro_jpg.rf.3f58f0f7d98cdc193e15b77a6a372eff.jpg,1280,720,Thank You,499,279,858,602
WIN_20240825_21_40_33_Pro_jpg.rf.4373452998f78ab62b0bfaf4e8f71369.jpg,1280,720,NO,740,239,1091,436
WIN_20240825_21_40_43_Pro_jpg.rf.483c6abafe2a01d8622cbed72c41d653.jpg,1280,720,NO,224,155,626,372
WIN_20240825_21_43_14_Pro_jpg.rf.4a8e6b1cfba78c06e8435a0272b3dd06.jpg,1280,720,yes,375,267,645,524
WIN_20240825_21_43_14_Pro_jpg.rf.4a8e6b1cfba78c06e8435a0272b3dd06.jpg,1280,720,Thank You,716,346,1187,601
WIN_20240825_21_51_31_Pro_jpg.rf.4573f5b170113b93cd110df26994281a.jpg,1280,720,Hello,304,182,573,508
WIN_20240825_21_51_31_Pro_jpg.rf.4573f5b170113b93cd110df26994281a.jpg,1280,720,Hello,877,110,1210,402
WIN_20240825_21_43_16_Pro_jpg.rf.43be773d6e45d9f22ea547d30955e203.jpg,1280,720,yes,0,62,245,392
WIN_20240825_21_43_16_Pro_jpg.rf.43be773d6e45d9f22ea547d30955e203.jpg,1280,720,Thank You,692,314,1181,586
WIN_20240825_21_40_37_Pro_jpg.rf.4864141ce0b6ba6009e3b4d2982f7899.jpg,1280,720,NO,324,327,633,520
WIN_20240825_21_17_02_Pro_jpg.rf.48d0f6e4041cbbf3fcafe27b9cd08997.jpg,1280,720,NO,579,180,846,454
WIN_20240825_21_37_22_Pro_jpg.rf.4b2581b6d2cd931e8bf7947084e814cb.jpg,1280,720,I Love You,189,314,413,562
WIN_20240825_21_39_38_Pro-2-_jpg.rf.45588bd58875106d868072a6eef5dab3.jpg,1280,720,yes,330,47,574,299
WIN_20240825_21_41_21_Pro-2-_jpg.rf.44042a54cb4c90ea484f3022916d6d0e.jpg,1280,720,I Love You,773,344,1038,648
WIN_20240825_21_43_14_Pro-2-_jpg.rf.3f16167a25f60c93a1f72461a3c1d11e.jpg,1280,720,Thank You,692,349,1205,577
WIN_20240825_21_43_14_Pro-2-_jpg.rf.3f16167a25f60c93a1f72461a3c1d11e.jpg,1280,720,yes,117,245,357,526
WIN_20240825_18_38_52_Pro_jpg.rf.3e46eeea9daf0811ae242904e402bbe8.jpg,1280,720,Hello,497,177,682,365
WIN_20240825_21_41_42_Pro-2-_jpg.rf.4a9c22b8e86a7881d3c0a43b36636460.jpg,1280,720,Thank You,424,326,846,614
Yes-6b00ed1e-62a9-11ef-adc6-94bb43b557c9_jpg.rf.43977fb0cd8e6f467461aaddae52fe4c.jpg,640,480,yes,118,187,266,364
WIN_20240825_21_50_43_Pro_jpg.rf.49e9cb696e4bce69fff1e531085f1e4f.jpg,1280,720,I Love You,874,149,1178,446
WIN_20240825_21_50_43_Pro_jpg.rf.49e9cb696e4bce69fff1e531085f1e4f.jpg,1280,720,Hello,15,162,302,465
WIN_20240825_21_39_42_Pro_jpg.rf.480ba63adcf1cc11c7d0114dae751a5f.jpg,1280,720,yes,175,102,446,425
WIN_20240825_21_36_53_Pro_jpg.rf.4eb1336a9402fa3bd08de8419359eb58.jpg,1280,720,yes,715,30,962,364
Thanks-85ebbe4b-62a9-11ef-b235-94bb43b557c9_jpg.rf.4dc1af868e73256574a0f555925c9411.jpg,640,480,Thank You,146,262,388,438
WIN_20240825_18_34_24_Pro_jpg.rf.4d80db7a27d01ea59dc01b05bc82f0dc.jpg,1280,720,yes,305,200,468,420
WIN_20240825_18_39_10_Pro-2-_jpg.rf.551923f08a9c2be02a7834c5212bf854.jpg,1280,720,Thank You,600,249,895,469
WIN_20240825_21_38_15_Pro_jpg.rf.4c2dd0b094c4e18763e0356dcf65cf8e.jpg,1280,720,NO,279,340,613,553
WIN_20240825_21_50_21_Pro_jpg.rf.4bc6c99d44b864392682baffd506185b.jpg,1280,720,Thank You,125,407,546,693
WIN_20240825_21_50_21_Pro_jpg.rf.4bc6c99d44b864392682baffd506185b.jpg,1280,720,yes,564,234,806,460
WIN_20240825_21_36_09_Pro_jpg.rf.52978988a81a3541bf74450784a6de4b.jpg,1280,720,yes,80,215,348,550
WIN_20240825_21_36_09_Pro_jpg.rf.52978988a81a3541bf74450784a6de4b.jpg,1280,720,NO,999,249,1273,442
WIN_20240825_21_52_19_Pro_jpg.rf.5161e2e43589db97a936d3b5a5d52659.jpg,1280,720,I Love You,199,440,446,709
WIN_20240825_21_52_19_Pro_jpg.rf.5161e2e43589db97a936d3b5a5d52659.jpg,1280,720,Hello,479,302,643,476
WIN_20240825_21_52_19_Pro_jpg.rf.5161e2e43589db97a936d3b5a5d52659.jpg,1280,720,Hello,1030,199,1263,465

WIN_20240825_21_40_06_Pro_jpg.rf.4f38499d565d1fbeaed070ca0a817c73.jpg,1280,720,yes,703,279,955,602
WIN_20240825_21_41_46_Pro_jpg.rf.5551b3b0422581493841f034204a1e8b.jpg,1280,720,Thank You,477,335,955,633
WIN_20240825_21_38_16_Pro_jpg.rf.4cb1b61e131cbf600b354a9c20bd7587.jpg,1280,720,NO,354,460,781,705
WIN_20240825_21_17_47_Pro_jpg.rf.4ce855b0639c215f622955642f8078cf.jpg,1280,720,Thank You,442,159,731,428
WIN_20240825_21_38_27_Pro_jpg.rf.4ebee75c1f2746417b93abd851ea1a72.jpg,1280,720,yes,0,107,254,501
Yes-69cb2742-62a9-11ef-b215-94bb43b557c9_jpg.rf.56d0062e23ae271011eb5737178cdfd3.jpg,640,480,yes,336,212,449,391
WIN_20240825_21_43_49_Pro_jpg.rf.4f250f8437306b6c7d044432af30ae96.jpg,1280,720,NO,44,155,389,381
WIN_20240825_21_43_32_Pro_jpg.rf.56888f665bee9d22b57733df12a43310.jpg,1280,720,Thank You,137,392,614,661
WIN_20240825_21_43_32_Pro_jpg.rf.56888f665bee9d22b57733df12a43310.jpg,1280,720,I Love You,776,261,1001,502
WIN_20240825_18_38_32_Pro_jpg.rf.53b5c3b00999c191bcc2aae5172338c9.jpg,1280,720,NO,517,245,666,437
WIN_20240825_21_35_31_Pro_jpg.rf.4f6022713a8e10279ef251a70910c5e5.jpg,1280,720,Thank You,757,294,1259,533
WIN_20240825_21_35_31_Pro_jpg.rf.4f6022713a8e10279ef251a70910c5e5.jpg,1280,720,Hello,6,37,284,424
WIN_20240825_18_34_25_Pro-2-_jpg.rf.5200d5fff90cc28236e1137f955d080c.jpg,1280,720,yes,390,249,606,380
WIN_20240825_21_40_26_Pro-2-_jpg.rf.555ad6f777f0dfe393b13386f001298e.jpg,1280,720,NO,494,50,862,329
WIN_20240825_21_39_43_Pro_jpg.rf.51bef1c2ed13316c13a2faf7f4176770.jpg,1280,720,yes,504,260,871,574
WIN_20240825_21_41_21_Pro_jpg.rf.541ef75ba87d4bd29dd93557332f94bd.jpg,1280,720,I Love You,476,122,777,466
WIN_20240825_18_34_11_Pro-4-_jpg.rf.5340745433f37e90b4e46ba4293da883.jpg,1280,720,I Love You,390,150,622,368
WIN_20240825_21_52_50_Pro_jpg.rf.58c0053f7ddbcd42d6163c0ba1eb90c3.jpg,1280,720,Hello,10,265,258,500
WIN_20240825_21_52_50_Pro_jpg.rf.58c0053f7ddbcd42d6163c0ba1eb90c3.jpg,1280,720,Hello,624,360,781,516
WIN_20240825_21_52_50_Pro_jpg.rf.58c0053f7ddbcd42d6163c0ba1eb90c3.jpg,1280,720,Hello,790,372,989,562
Thanks-824c5e23-62a9-11ef-9f29-94bb43b557c9_jpg.rf.584a710186700d2060b15bc67702028f.jpg,640,480,Thank You,146,262,388,438
WIN_20240825_21_40_18_Pro_jpg.rf.57989f428b10632f0f571c3b1050962f.jpg,1280,720,NO,130,354,537,553
WIN_20240825_21_40_29_Pro_jpg.rf.574ca4aa09f9ddd632bf42aa0050856a.jpg,1280,720,NO,722,234,1022,433
WIN_20240825_21_36_36_Pro_jpg.rf.5431f66a9f99fdc42a263333c613eb2f.jpg,1280,720,NO,679,165,998,402
Hello-596ec122-62a9-11ef-86f4-94bb43b557c9_jpg.rf.58c2795773a9b389b79d256a6b9b3ef1.jpg,640,480,Hello,112,144,262,347
WIN_20240825_21_15_19_Pro_jpg.rf.593b28bc2159a5d868101461077c5c10.jpg,1280,720,I Love You,664,165,898,434
WIN_20240825_21_40_08_Pro_jpg.rf.59dcd10f37144f260de91deac3aa9394.jpg,1280,720,yes,257,229,504,558
WIN_20240825_21_43_06_Pro_jpg.rf.5d5bb585643d39631c4ed26031f8fa76.jpg,1280,720,Thank You,706,383,1166,570
WIN_20240825_21_43_06_Pro_jpg.rf.5d5bb585643d39631c4ed26031f8fa76.jpg,1280,720,yes,400,226,665,489
WIN_20240825_21_53_31_Pro_jpg.rf.5c40a87a3fc291eb5c609c8d57e0ef31.jpg,1280,720,Thank You,0,457,330,720
WIN_20240825_21_53_31_Pro_jpg.rf.5c40a87a3fc291eb5c609c8d57e0ef31.jpg,1280,720,I Love You,449,445,643,598
WIN_20240825_21_53_31_Pro_jpg.rf.5c40a87a3fc291eb5c609c8d57e0ef31.jpg,1280,720,yes,1109,275,1259,489
WIN_20240825_21_15_23_Pro_jpg.rf.5c49dd87286f5e69f7c45365a665bbec.jpg,1280,720,I Love You,302,204,516,446
WIN_20240825_21_50_15_Pro_jpg.rf.5bf522a40b3eff294d9a06759d601b4a.jpg,1280,720,I Love You,310,362,589,648
WIN_20240825_21_37_44_Pro_jpg.rf.5d52fe4b13b973453e667b794ac0189a.jpg,1280,720,I Love You,682,204,894,396
WIN_20240825_21_38_25_Pro_jpg.rf.5e7bff9fd8f47fa3f383b7594427c33f.jpg,1280,720,NO,879,395,1075,573
Yes-68963f36-62a9-11ef-a650-94bb43b557c9_jpg.rf.5a4cb7d938572b3128378a44d1bf2334.jpg,640,480,yes,317,219,430,399
WIN_20240825_21_17_44_Pro_jpg.rf.5fee6a8b4f191110bfcd8fd2b280a47c.jpg,1280,720,Thank You,397,159,849,417
WIN_20240825_21_43_53_Pro_jpg.rf.5ee48c490dd4f65b76cf2a068ca45845.jpg,1280,720,NO,149,29,470,215
WIN_20240825_21_43_53_Pro_jpg.rf.5ee48c490dd4f65b76cf2a068ca45845.jpg,1280,720,Hello,735,282,997,532
WIN_20240825_21_50_42_Pro_jpg.rf.6265f7bde9517a46fc5f6afbda0ca2e9.jpg,1280,720,yes,110,205,405,488
WIN_20240825_21_43_31_Pro-2-_jpg.rf.625b50e29d8fa402df31b8d749f37316.jpg,1280,720,Thank You,142,383,654,598
WIN_20240825_21_43_31_Pro-2-_jpg.rf.625b50e29d8fa402df31b8d749f37316.jpg,1280,720,I Love You,909,169,1154,389
WIN_20240825_21_53_29_Pro_jpg.rf.60ac3c74d73ff682c497a7d48b88b23a.jpg,1280,720,I Love You,450,262,659,476
WIN_20240825_21_53_29_Pro_jpg.rf.60ac3c74d73ff682c497a7d48b88b23a.jpg,1280,720,Thank You,0,428,339,692
WIN_20240825_21_53_29_Pro_jpg.rf.60ac3c74d73ff682c497a7d48b88b23a.jpg,1280,720,yes,1039,275,1238,513
WIN_20240825_21_39_56_Pro_jpg.rf.60b3595fc5a5bd46a3d8d48186a4a2e6.jpg,1280,720,yes,572,280,791,541
WIN_20240825_21_35_20_Pro_jpg.rf.59611dc063350177787d03593654048e.jpg,1280,720,Hello,755,169,945,465
WIN_20240825_21_35_20_Pro_jpg.rf.59611dc063350177787d03593654048e.jpg,1280,720,Hello,0,0,247,375
WIN_20240825_21_37_39_Pro_jpg.rf.5edf43d42dd7338aa64764a232f61195.jpg,1280,720,I Love You,597,169,878,402
WIN_20240825_21_41_56_Pro-2-_jpg.rf.60c79b462db0cc0113057fa71ddd7d6b.jpg,1280,720,Thank You,482,350,838,648
WIN_20240825_21_17_52_Pro_jpg.rf.5f15ecc3a0b9b1fde00dd23b87f2bac2.jpg,1280,720,Thank You,470,234,797,466
WIN_20240825_21_41_27_Pro_jpg.rf.60012a4504a7d865ed8cf33573462eaa.jpg,1280,720,I Love You,317,230,572,602
WIN_20240825_21_41_27_Pro_jpg.rf.60012a4504a7d865ed8cf33573462eaa.jpg,1280,720,I Love You,764,422,1049,706
WIN_20240825_21_35_43_Pro_jpg.rf.607f038d8f60d3452c7390d185d4ee13.jpg,1280,720,I Love You,699,182,923,448
WIN_20240825_21_35_43_Pro_jpg.rf.607f038d8f60d3452c7390d185d4ee13.jpg,1280,720,yes,77,149,332,448
WIN_20240825_21_54_20_Pro-2-_jpg.rf.61a7beb57d65480882be2f1d0b9131e7.jpg,1280,720,NO,1048,298,1280,468
WIN_20240825_21_54_20_Pro-2-_jpg.rf.61a7beb57d65480882be2f1d0b9131e7.jpg,1280,720,I Love You,565,337,734,505
WIN_20240825_21_54_20_Pro-2-_jpg.rf.61a7beb57d65480882be2f1d0b9131e7.jpg,1280,720,I Love You,797,366,979,546
WIN_20240825_21_54_20_Pro-2-_jpg.rf.61a7beb57d65480882be2f1d0b9131e7.jpg,1280,720,yes,300,462,452,670
WIN_20240825_21_54_20_Pro-2-_jpg.rf.61a7beb57d65480882be2f1d0b9131e7.jpg,1280,720,yes,5,290,177,530
WIN_20240825_18_34_14_Pro-3-_jpg.rf.5f26cb2f0bb1c1106ee8a24cda4b3687.jpg,1280,720,Hello,339,144,604,373
WIN_20240825_21_52_42_Pro_jpg.rf.5de37ae16e70e5cdfc9afb5eae1e0e11.jpg,1280,720,Hello,237,257,508,526
WIN_20240825_21_52_42_Pro_jpg.rf.5de37ae16e70e5cdfc9afb5eae1e0e11.jpg,1280,720,Hello,630,400,802,553
WIN_20240825_21_52_42_Pro_jpg.rf.5de37ae16e70e5cdfc9afb5eae1e0e11.jpg,1280,720,Hello,925,222,1217,482
WIN_20240825_21_38_22_Pro_jpg.rf.62827d8a380bf26f8dee889bf33cd24d.jpg,1280,720,NO,207,277,410,408
WIN_20240825_21_38_23_Pro_jpg.rf.63cb96e025ab14f0f5ccde4fec5aa1a3.jpg,1280,720,NO,394,275,602,397
WIN_20240825_21_50_10_Pro-3-_jpg.rf.637f31363f98019d9df655f8803e3893.jpg,1280,720,I Love You,120,282,382,538
WIN_20240825_21_50_10_Pro-3-_jpg.rf.637f31363f98019d9df655f8803e3893.jpg,1280,720,Hello,939,152,1190,406
WIN_20240825_21_15_29_Pro_jpg.rf.630e6312e28b05ae6d08b920852d95bc.jpg,1280,720,I Love You,529,195,857,452
WIN_20240825_21_51_11_Pro_jpg.rf.62f53009cf51c55e4ee888d562da254b.jpg,1280,720,yes,264,120,592,364
WIN_20240825_21_51_11_Pro_jpg.rf.62f53009cf51c55e4ee888d562da254b.jpg,1280,720,yes,850,210,1157,424
WIN_20240825_21_43_29_Pro_jpg.rf.64092458024474e2b1775222643ce2de.jpg,1280,720,Thank You,184,370,590,638
WIN_20240825_21_43_29_Pro_jpg.rf.64092458024474e2b1775222643ce2de.jpg,1280,720,I Love You,689,330,882,517
WIN_20240825_21_40_29_Pro-2-_jpg.rf.637ee205d46c90fe3590553de03f1e8d.jpg,1280,720,NO,654,249,1013,460
WIN_20240825_21_51_14_Pro_jpg.rf.64de73456bb1ed60342205c8708a5fc7.jpg,1280,720,yes,53,199,306,441
WIN_20240825_21_51_14_Pro_jpg.rf.64de73456bb1ed60342205c8708a5fc7.jpg,1280,720,yes,42,537,282,685
WIN_20240825_21_51_14_Pro_jpg.rf.64de73456bb1ed60342205c8708a5fc7.jpg,1280,720,yes,900,262,1133,424
WIN_20240825_21_37_08_Pro_jpg.rf.64dde443f7236458fc60c8498f853ba5.jpg,1280,720,Thank You,15,415,552,682
WIN_20240825_21_50_24_Pro_jpg.rf.66c537d38b96ee45d2a3055edfcb93c8.jpg,1280,720,yes,639,410,823,656
WIN_20240825_21_50_24_Pro_jpg.rf.66c537d38b96ee45d2a3055edfcb93c8.jpg,1280,720,Thank You,70,392,618,620
WIN_20240825_21_43_57_Pro_jpg.rf.6bfb5e3fba6351e57227cf70e2af5da6.jpg,1280,720,NO,344,179,610,376
WIN_20240825_21_43_57_Pro_jpg.rf.6bfb5e3fba6351e57227cf70e2af5da6.jpg,1280,720,Hello,864,229,1145,461
WIN_20240825_21_53_50_Pro_jpg.rf.65739e87fbc2b08a55b772468cd6a39d.jpg,1280,720,I Love You,1021,258,1235,488
WIN_20240825_21_53_50_Pro_jpg.rf.65739e87fbc2b08a55b772468cd6a39d.jpg,1280,720,NO,164,349,421,528
WIN_20240825_21_53_50_Pro_jpg.rf.65739e87fbc2b08a55b772468cd6a39d.jpg,1280,720,Thank You,482,454,766,648
WIN_20240825_21_36_58_Pro_jpg.rf.65770dd21f4f4d899bc3b224c8ec8921.jpg,1280,720,Thank You,284,324,802,614
WIN_20240825_21_36_50_Pro_jpg.rf.682f0f7f0297ef56fdd923b1951bf007.jpg,1280,720,yes,882,269,1102,589
WIN_20240825_21_41_43_Pro-2-_jpg.rf.66425c8dc461dca4979a64cdad1d0dec.jpg,1280,720,Thank You,357,494,901,720
No-7a49fb8b-62a9-11ef-bc32-94bb43b557c9_jpg.rf.6524ab4b2e91c2abdc0534b97a1f6f14.jpg,640,480,NO,113,157,290,307
WIN_20240825_21_41_53_Pro-2-_jpg.rf.6776ec202f703cf591dcb05b0e2b7431.jpg,1280,720,Thank You,367,255,806,560
WIN_20240825_21_15_52_Pro_jpg.rf.6c7c4ffb9e69e55e9bf2ba83c5af292e.jpg,1280,720,yes,282,167,497,457
WIN_20240825_21_53_16_Pro_jpg.rf.6ab4d64cdde660109c699d7414b52b04.jpg,1280,720,I Love You,1045,279,1266,506
WIN_20240825_21_53_16_Pro_jpg.rf.6ab4d64cdde660109c699d7414b52b04.jpg,1280,720,NO,627,325,805,450
WIN_20240825_21_53_16_Pro_jpg.rf.6ab4d64cdde660109c699d7414b52b04.jpg,1280,720,yes,35,250,217,522
WIN_20240825_21_42_56_Pro-2-_jpg.rf.6e52612c43c384fa169adc090d280d5b.jpg,1280,720,NO,886,375,1154,532
WIN_20240825_21_42_56_Pro-2-_jpg.rf.6e52612c43c384fa169adc090d280d5b.jpg,1280,720,I Love You,144,329,412,548
WIN_20240825_11_50_38_Pro_jpg.rf.6deee0630d92b827f80b27db3184eb94.jpg,1280,720,NO,544,247,851,462
WIN_20240825_21_53_33_Pro_jpg.rf.68efda2024771237bc8480fffc5b103f.jpg,1280,720,yes,1032,335,1251,525
WIN_20240825_21_53_33_Pro_jpg.rf.68efda2024771237bc8480fffc5b103f.jpg,1280,720,I Love You,477,397,616,549
WIN_20240825_21_53_33_Pro_jpg.rf.68efda2024771237bc8480fffc5b103f.jpg,1280,720,Thank You,4,414,337,661
WIN_20240825_21_35_41_Pro_jpg.rf.669e41d05176825b2da72b9886876479.jpg,1280,720,I Love You,739,215,979,452
WIN_20240825_21_35_41_Pro_jpg.rf.669e41d05176825b2da72b9886876479.jpg,1280,720,NO,0,96,313,455
WIN_20240825_21_42_57_Pro_jpg.rf.6735c5a4e14e94f2186722b9d649c438.jpg,1280,720,I Love You,100,270,390,493
WIN_20240825_21_37_16_Pro_jpg.rf.6f0f88aceb19313594e495b4413d045c.jpg,1280,720,Thank You,864,500,1139,690
WIN_20240825_21_42_37_Pro_jpg.rf.6e9a657b07b0b260f205ea63cb7029a9.jpg,1280,720,Hello,15,36,316,384
WIN_20240825_21_42_37_Pro_jpg.rf.6e9a657b07b0b260f205ea63cb7029a9.jpg,1280,720,yes,734,289,1038,616
WIN_20240825_21_43_18_Pro_jpg.rf.69e32633ebc4b67728ac6e2b5d7d6995.jpg,1280,720,Thank You,910,308,1280,547
WIN_20240825_21_43_18_Pro_jpg.rf.69e32633ebc4b67728ac6e2b5d7d6995.jpg,1280,720,yes,470,224,755,549
WIN_20240825_21_53_23_Pro_jpg.rf.6b3ad18bf0a9de10693b21137f71655f.jpg,1280,720,Thank You,37,419,296,672
WIN_20240825_21_53_23_Pro_jpg.rf.6b3ad18bf0a9de10693b21137f71655f.jpg,1280,720,I Love You,375,407,560,597
WIN_20240825_21_54_02_Pro-2-_jpg.rf.6f763d2c0630615ca9b62e7bd50ddaf6.jpg,1280,720,I Love You,792,319,1030,536
WIN_20240825_21_54_02_Pro-2-_jpg.rf.6f763d2c0630615ca9b62e7bd50ddaf6.jpg,1280,720,I Love You,241,319,478,526
WIN_20240825_21_54_02_Pro-2-_jpg.rf.6f763d2c0630615ca9b62e7bd50ddaf6.jpg,1280,720,yes,540,309,666,428
WIN_20240825_21_39_49_Pro_jpg.rf.65e80e3f06d5a67ebf1c16aeeec737bb.jpg,1280,720,yes,272,175,573,502
WIN_20240825_21_43_05_Pro-2-_jpg.rf.70d58b80b3eaa25d511d8fa54fa5d1d5.jpg,1280,720,yes,362,282,596,518
WIN_20240825_21_43_05_Pro-2-_jpg.rf.70d58b80b3eaa25d511d8fa54fa5d1d5.jpg,1280,720,Thank You,747,369,1114,605
WIN_20240825_21_16_44_Pro_jpg.rf.70125b3873b8c87d97f615e539749291.jpg,1280,720,NO,332,162,562,377
WIN_20240825_21_36_23_Pro_jpg.rf.6a9cdde23b97d2cc0abded61961d4f09.jpg,1280,720,Hello,675,167,957,488
WIN_20240825_18_38_31_Pro_jpg.rf.6e38826e600e55b9af56f4e4f39ce5ad.jpg,1280,720,NO,497,249,682,420
WIN_20240825_21_53_51_Pro-2-_jpg.rf.6fc02d7bcde959b64863afd97b6e37fa.jpg,1280,720,Thank You,529,507,831,678
WIN_20240825_21_53_51_Pro-2-_jpg.rf.6fc02d7bcde959b64863afd97b6e37fa.jpg,1280,720,NO,160,222,441,416
WIN_20240825_21_53_51_Pro-2-_jpg.rf.6fc02d7bcde959b64863afd97b6e37fa.jpg,1280,720,I Love You,1007,257,1280,474
WIN_20240825_21_51_08_Pro_jpg.rf.7066ae6502f5ef35ccc154c694a9d105.jpg,1280,720,NO,54,79,386,380
WIN_20240825_21_51_08_Pro_jpg.rf.7066ae6502f5ef35ccc154c694a9d105.jpg,1280,720,yes,580,302,801,509
WIN_20240825_21_52_43_Pro_jpg.rf.720a13deba0225db1cbc1d261c994e9f.jpg,1280,720,Hello,257,222,470,520
WIN_20240825_21_52_43_Pro_jpg.rf.720a13deba0225db1cbc1d261c994e9f.jpg,1280,720,Hello,726,422,869,581
WIN_20240825_21_52_43_Pro_jpg.rf.720a13deba0225db1cbc1d261c994e9f.jpg,1280,720,Hello,957,233,1231,406
WIN_20240825_18_34_11_Pro-3-_jpg.rf.73f0aa20ea8eeda3a42e8abf5f8d4b81.jpg,1280,720,I Love You,317,122,612,392
WIN_20240825_21_54_05_Pro_jpg.rf.7126ab2bfd54dea3899f36b12bfb0517.jpg,1280,720,yes,620,435,745,605
WIN_20240825_21_54_05_Pro_jpg.rf.7126ab2bfd54dea3899f36b12bfb0517.jpg,1280,720,I Love You,839,325,1037,570
WIN_20240825_21_54_05_Pro_jpg.rf.7126ab2bfd54dea3899f36b12bfb0517.jpg,1280,720,I Love You,10,252,224,492
WIN_20240825_18_34_12_Pro-4-_jpg.rf.72dfafa646e0decb08f2a556efd4d948.jpg,1280,720,I Love You,317,140,585,372
WIN_20240825_21_37_43_Pro_jpg.rf.7b8118cc091eae2916dd4ef25b1deb86.jpg,1280,720,I Love You,589,222,785,381
WIN_20240825_21_39_50_Pro_jpg.rf.794f0432404802919534b17f7fb7731d.jpg,1280,720,yes,412,30,649,331
WIN_20240825_21_36_34_Pro_jpg.rf.738cf82274f8f0d415a067c6521d3cfb.jpg,1280,720,NO,662,174,985,350
WIN_20240825_21_39_59_Pro-2-_jpg.rf.750ef7eee9007085c69d56595abc6e6c.jpg,1280,720,yes,684,130,998,446
WIN_20240825_21_25_54_Pro_jpg.rf.710c979b581fe9e3b10ff2339dcf4e79.jpg,1280,720,Hello,932,45,1162,338
WIN_20240825_21_39_52_Pro-2-_jpg.rf.758b7a5c7408dcd974fd05e8c6611da7.jpg,1280,720,yes,50,157,372,416
WIN_20240825_18_34_24_Pro-3-_jpg.rf.7b5751a88d61de65ce397ced1718d99a.jpg,1280,720,yes,372,195,548,418
WIN_20240825_18_39_15_Pro_jpg.rf.76b8ede119f7e924f26fe0a1096a9bc6.jpg,1280,720,Thank You,645,225,895,406
WIN_20240825_21_50_13_Pro_jpg.rf.743af04245080ee9bb9d5404efcd7cfb.jpg,1280,720,I Love You,204,374,453,626
WIN_20240825_21_50_13_Pro_jpg.rf.743af04245080ee9bb9d5404efcd7cfb.jpg,1280,720,Hello,639,209,866,490
WIN_20240825_21_25_37_Pro_jpg.rf.791cf35d43641590db87c5eea7077b5f.jpg,1280,720,Hello,297,217,526,412
WIN_20240825_21_25_37_Pro_jpg.rf.791cf35d43641590db87c5eea7077b5f.jpg,1280,720,I Love You,559,135,789,342
WIN_20240825_21_54_21_Pro_jpg.rf.78be01029e9e86d41c23b3d281ba574d.jpg,1280,720,NO,1049,262,1279,461
WIN_20240825_21_54_21_Pro_jpg.rf.78be01029e9e86d41c23b3d281ba574d.jpg,1280,720,I Love You,794,347,991,525
WIN_20240825_21_54_21_Pro_jpg.rf.78be01029e9e86d41c23b3d281ba574d.jpg,1280,720,I Love You,510,340,703,500
WIN_20240825_21_54_21_Pro_jpg.rf.78be01029e9e86d41c23b3d281ba574d.jpg,1280,720,yes,305,300,460,460
WIN_20240825_21_54_21_Pro_jpg.rf.78be01029e9e86d41c23b3d281ba574d.jpg,1280,720,yes,0,448,154,698
WIN_20240825_21_41_40_Pro_jpg.rf.7a06053258e198e817db8203b75163a5.jpg,1280,720,Thank You,310,339,963,649
WIN_20240825_21_43_27_Pro_jpg.rf.74d8f7b38de63fdd68989bcde5802caf.jpg,1280,720,Thank You,132,385,582,633
WIN_20240825_21_43_27_Pro_jpg.rf.74d8f7b38de63fdd68989bcde5802caf.jpg,1280,720,I Love You,812,250,1150,468
WIN_20240825_21_52_49_Pro_jpg.rf.789a42b4cf1785cc67ca71a42c9b5f36.jpg,1280,720,Hello,150,399,388,644
WIN_20240825_21_52_49_Pro_jpg.rf.789a42b4cf1785cc67ca71a42c9b5f36.jpg,1280,720,Hello,624,482,806,629
WIN_20240825_21_52_49_Pro_jpg.rf.789a42b4cf1785cc67ca71a42c9b5f36.jpg,1280,720,Hello,1015,217,1249,449
WIN_20240825_21_51_05_Pro-2-_jpg.rf.7238b979c0e0cd00115c5027b441ed9c.jpg,1280,720,NO,193,334,556,508
WIN_20240825_21_51_05_Pro-2-_jpg.rf.7238b979c0e0cd00115c5027b441ed9c.jpg,1280,720,yes,899,205,1094,482
WIN_20240825_21_43_31_Pro_jpg.rf.7a62da4d3092ad6ec3fc1b3f95b4d6ba.jpg,1280,720,I Love You,829,155,1139,373
WIN_20240825_21_43_31_Pro_jpg.rf.7a62da4d3092ad6ec3fc1b3f95b4d6ba.jpg,1280,720,Thank You,135,404,602,677
WIN_20240825_21_51_38_Pro_jpg.rf.7c075fc8d0391c16ac633ec75abbf464.jpg,1280,720,Hello,384,229,592,512
WIN_20240825_21_51_38_Pro_jpg.rf.7c075fc8d0391c16ac633ec75abbf464.jpg,1280,720,Hello,897,209,1177,464
WIN_20240825_21_53_53_Pro_jpg.rf.7a80616f25a4bda205e2b88eb5f6a46f.jpg,1280,720,I Love You,1064,200,1251,452
WIN_20240825_21_53_53_Pro_jpg.rf.7a80616f25a4bda205e2b88eb5f6a46f.jpg,1280,720,Thank You,508,478,810,646
WIN_20240825_21_53_53_Pro_jpg.rf.7a80616f25a4bda205e2b88eb5f6a46f.jpg,1280,720,NO,242,350,489,512
WIN_20240825_11_50_02_Pro_jpg.rf.7bceea363660da0e92ae591d8af7b4e4.jpg,1280,720,yes,737,275,1030,590
WIN_20240825_21_40_11_Pro_jpg.rf.7d146a31b2e3552e1e297f11ee8c68b5.jpg,1280,720,yes,639,234,925,573
WIN_20240825_21_37_00_Pro_jpg.rf.7124f02f5a9b0d2371b2c5083e857aca.jpg,1280,720,Thank You,267,297,810,592
WIN_20240825_21_44_07_Pro-2-_jpg.rf.7d5531177cce61816943fbebf6028315.jpg,1280,720,NO,354,164,655,368
WIN_20240825_21_44_07_Pro-2-_jpg.rf.7d5531177cce61816943fbebf6028315.jpg,1280,720,Hello,837,135,1139,426
WIN_20240825_21_41_28_Pro-2-_jpg.rf.7e12d12964b1adb4510bec864f13f06e.jpg,1280,720,I Love You,693,51,1011,405
WIN_20240825_21_40_49_Pro_jpg.rf.7c23375d9c489cf690cebcf618001282.jpg,1280,720,NO,235,119,586,331
WIN_20240825_18_39_16_Pro_jpg.rf.7e6aa1b6f52b818b88116aab559c383e.jpg,1280,720,Thank You,610,225,899,430
WIN_20240825_21_41_10_Pro_jpg.rf.7e9e580d6d8e238b8ac1b9e554878e94.jpg,1280,720,I Love You,377,152,750,569
WIN_20240825_21_50_53_Pro_jpg.rf.7cc831d80367b264fd1f8bab35fa6bbe.jpg,1280,720,Hello,11,91,264,384
WIN_20240825_21_50_53_Pro_jpg.rf.7cc831d80367b264fd1f8bab35fa6bbe.jpg,1280,720,Thank You,0,77,33,85
WIN_20240825_21_50_53_Pro_jpg.rf.7cc831d80367b264fd1f8bab35fa6bbe.jpg,1280,720,Thank You,692,409,1077,612
WIN_20240825_21_50_07_Pro-2-_jpg.rf.83a3831ad8a3d0af62cc8c96f847bc90.jpg,1280,720,I Love You,74,122,374,400
WIN_20240825_21_50_07_Pro-2-_jpg.rf.83a3831ad8a3d0af62cc8c96f847bc90.jpg,1280,720,Hello,925,180,1235,464
WIN_20240825_21_40_42_Pro_jpg.rf.895890b7a50c7a393ec8c8267c6ce8e6.jpg,1280,720,NO,222,170,597,368
WIN_20240825_18_38_44_Pro_jpg.rf.7f5d62c0a8ce9fff437ce9a4c48013d3.jpg,1280,720,NO,401,322,650,469
WIN_20240825_21_42_49_Pro_jpg.rf.851447a4c8b8473cb1dc184c3241eb91.jpg,1280,720,NO,810,279,1077,449
WIN_20240825_21_42_49_Pro_jpg.rf.851447a4c8b8473cb1dc184c3241eb91.jpg,1280,720,I Love You,62,109,377,401
WIN_20240825_21_41_54_Pro_jpg.rf.8251ba827880fd66978dba65e224277e.jpg,1280,720,Thank You,277,269,741,537
WIN_20240825_21_53_26_Pro-2-_jpg.rf.7deadbac1570d0c6c30e4807be426a06.jpg,1280,720,Thank You,9,410,373,694
WIN_20240825_21_53_26_Pro-2-_jpg.rf.7deadbac1570d0c6c30e4807be426a06.jpg,1280,720,I Love You,492,444,737,633
WIN_20240825_21_53_26_Pro-2-_jpg.rf.7deadbac1570d0c6c30e4807be426a06.jpg,1280,720,NO,1070,320,1280,523
WIN_20240825_21_43_07_Pro-2-_jpg.rf.7cde7adb22a296b60a39eb16a07c305f.jpg,1280,720,yes,227,114,490,362
WIN_20240825_21_43_07_Pro-2-_jpg.rf.7cde7adb22a296b60a39eb16a07c305f.jpg,1280,720,Thank You,711,347,1150,529
WIN_20240825_21_53_35_Pro_jpg.rf.83ae4f2a35bfd697b0d88d856cc68d76.jpg,1280,720,I Love You,535,470,739,640
WIN_20240825_21_53_35_Pro_jpg.rf.83ae4f2a35bfd697b0d88d856cc68d76.jpg,1280,720,Thank You,4,395,328,665
WIN_20240825_21_42_52_Pro-2-_jpg.rf.80a859bb4a0c18b597c630e76e5bbb53.jpg,1280,720,I Love You,236,311,497,577
WIN_20240825_18_34_27_Pro-3-_jpg.rf.7f50d5e5fb765384352349928a4e5363.jpg,1280,720,yes,317,219,528,370
WIN_20240825_21_40_18_Pro-2-_jpg.rf.884e1d0ea5f876205d6805b76a9f4fe3.jpg,1280,720,NO,269,272,601,517
Hello-5aa27c9f-62a9-11ef-99a9-94bb43b557c9_jpg.rf.82dc203c937df164b7de2688a0f52739.jpg,640,480,Hello,29,138,181,332
WIN_20240825_18_38_54_Pro-2-_jpg.rf.85cc0f1cac595adaa9bf6ed74d36c8b0.jpg,1280,720,Hello,467,175,671,362
WIN_20240825_21_39_40_Pro-2-_jpg.rf.81af0735185795cdb2b8a25372a87339.jpg,1280,720,yes,414,70,618,333
WIN_20240825_21_53_53_Pro-2-_jpg.rf.8a372cc28783ad8ca7dd7217848d9046.jpg,1280,720,NO,244,355,476,553
WIN_20240825_21_53_53_Pro-2-_jpg.rf.8a372cc28783ad8ca7dd7217848d9046.jpg,1280,720,Thank You,504,500,771,660
WIN_20240825_21_53_53_Pro-2-_jpg.rf.8a372cc28783ad8ca7dd7217848d9046.jpg,1280,720,I Love You,1005,242,1233,470
WIN_20240825_21_15_45_Pro_jpg.rf.855ae667e6a608d0dbfef04859a0f779.jpg,1280,720,yes,372,287,564,565
WIN_20240825_21_36_41_Pro_jpg.rf.893b89d7c720d79bc2e8415aaf528fb6.jpg,1280,720,NO,249,150,498,442
WIN_20240825_21_17_25_Pro_jpg.rf.85b04921e8e9501f4143bb4284e08105.jpg,1280,720,Thank You,344,224,866,472
WIN_20240825_21_41_59_Pro_jpg.rf.8aa2a931aa1155ce84eee514b0d9720a.jpg,1280,720,Thank You,449,320,819,626
WIN_20240825_21_36_49_Pro_jpg.rf.8661f45e3feef487101178eed4ba6837.jpg,1280,720,yes,704,432,935,720
WIN_20240825_21_36_32_Pro_jpg.rf.8a5ecad3748edd298ac1b11c0139dc00.jpg,1280,720,Thank You,214,272,449,541
WIN_20240825_21_41_52_Pro-2-_jpg.rf.8b65a7bcd198355bc5b1a5dcd79956eb.jpg,1280,720,Thank You,464,190,874,493
WIN_20240825_21_40_32_Pro_jpg.rf.86718f53dae17c7760d987e98775e4d9.jpg,1280,720,NO,647,324,999,542
WIN_20240825_21_41_28_Pro_jpg.rf.8fdf49f5680846181790f018076af1dd.jpg,1280,720,I Love You,654,87,962,452
WIN_20240825_21_15_24_Pro_jpg.rf.91db0ef905989e7cf2af45e3b83c0353.jpg,1280,720,I Love You,657,172,939,405
WIN_20240825_18_34_25_Pro_jpg.rf.8c4819404a12fe77ede4f46022c57e26.jpg,1280,720,yes,389,235,605,429
WIN_20240825_21_54_14_Pro_jpg.rf.8cc57be3facee6d5128b20ee66acab68.jpg,1280,720,I Love You,265,371,458,557
WIN_20240825_21_54_14_Pro_jpg.rf.8cc57be3facee6d5128b20ee66acab68.jpg,1280,720,yes,556,575,719,720
WIN_20240825_21_54_14_Pro_jpg.rf.8cc57be3facee6d5128b20ee66acab68.jpg,1280,720,yes,779,402,955,581
WIN_20240825_21_54_14_Pro_jpg.rf.8cc57be3facee6d5128b20ee66acab68.jpg,1280,720,yes,1119,270,1280,462
WIN_20240825_21_35_07_Pro_jpg.rf.8a9926fb561105f8bf428de3ef7fdf57.jpg,1280,720,Thank You,74,285,534,673
WIN_20240825_21_35_07_Pro_jpg.rf.8a9926fb561105f8bf428de3ef7fdf57.jpg,1280,720,yes,734,307,909,605
WIN_20240825_21_37_54_Pro_jpg.rf.8ce3fd30f6c384803275c10c537fd735.jpg,1280,720,I Love You,597,262,867,494
WIN_20240825_18_39_05_Pro_jpg.rf.90ab59da8ddd2762d96ae3e798cb9bf4.jpg,1280,720,NO,454,229,626,436
WIN_20240825_11_50_44_Pro_jpg.rf.96f3a6d41355155e4cbbd0873ba08e99.jpg,1280,720,NO,785,329,1052,518
WIN_20240825_21_38_29_Pro_jpg.rf.8b645789d20b6cb226e8a10ff5dc9a88.jpg,1280,720,yes,269,22,655,317
WIN_20240825_18_34_12_Pro_jpg.rf.96f5ea9f5865fc13daaf130f73276c63.jpg,1280,720,I Love You,269,155,517,378
WIN_20240825_21_41_08_Pro_jpg.rf.96604a733be1e724d278abeccb47411d.jpg,1280,720,I Love You,189,210,492,501
WIN_20240825_21_43_52_Pro_jpg.rf.96e03bbbc0ba85aeba3e3369cfaf60d5.jpg,1280,720,Hello,1000,110,1277,401
WIN_20240825_21_43_52_Pro_jpg.rf.96e03bbbc0ba85aeba3e3369cfaf60d5.jpg,1280,720,NO,13,107,389,313
WIN_20240825_21_50_07_Pro_jpg.rf.92f7db39e873f4255adb6bd23355fefd.jpg,1280,720,Hello,932,174,1217,466
WIN_20240825_21_50_07_Pro_jpg.rf.92f7db39e873f4255adb6bd23355fefd.jpg,1280,720,I Love You,20,109,377,392
WIN_20240825_21_51_32_Pro_jpg.rf.94e432d3b03a38742fe74ed84d3c46e8.jpg,1280,720,Hello,390,409,667,669
WIN_20240825_21_51_32_Pro_jpg.rf.94e432d3b03a38742fe74ed84d3c46e8.jpg,1280,720,Hello,903,313,1174,585
WIN_20240825_21_50_20_Pro_jpg.rf.9492ecb8e95889c8e85d8b3f75f73087.jpg,1280,720,Thank You,115,389,562,584
WIN_20240825_21_50_20_Pro_jpg.rf.9492ecb8e95889c8e85d8b3f75f73087.jpg,1280,720,yes,885,169,1239,426
WIN_20240825_21_43_58_Pro-2-_jpg.rf.96a35f72226e04c14dc64615222c5079.jpg,1280,720,NO,364,154,637,347
WIN_20240825_21_43_58_Pro-2-_jpg.rf.96a35f72226e04c14dc64615222c5079.jpg,1280,720,Hello,1034,157,1280,440
WIN_20240825_18_34_24_Pro-4-_jpg.rf.90feee242056241b83bdd61084b57e5c.jpg,1280,720,yes,404,209,608,429
WIN_20240825_18_34_12_Pro-2-_jpg.rf.8e333555480c5ba4fb592253fd0035ab.jpg,1280,720,I Love You,257,157,508,374
WIN_20240825_21_38_01_Pro_jpg.rf.96f062a6a4cf0b9bfd718bf45f4daf14.jpg,1280,720,I Love You,692,266,915,397
WIN_20240825_21_52_45_Pro_jpg.rf.9753b3656dfa5fdf3ea623509192c452.jpg,1280,720,Hello,264,239,478,484
WIN_20240825_21_52_45_Pro_jpg.rf.9753b3656dfa5fdf3ea623509192c452.jpg,1280,720,Hello,517,292,657,478
WIN_20240825_21_52_45_Pro_jpg.rf.9753b3656dfa5fdf3ea623509192c452.jpg,1280,720,Hello,972,240,1226,434
WIN_20240825_21_41_32_Pro-2-_jpg.rf.987219b06e2f94dc60a7512b730098d0.jpg,1280,720,I Love You,575,322,923,650
WIN_20240825_21_15_51_Pro_jpg.rf.92fab0c2191c1f526358e6c6530089ba.jpg,1280,720,yes,284,150,482,396
WIN_20240825_21_40_03_Pro_jpg.rf.8ce684ec0200958de36e4477593332cb.jpg,1280,720,yes,670,172,961,445
WIN_20240825_21_17_37_Pro_jpg.rf.97225b3df2ef9609f12bc5d043727c95.jpg,1280,720,Thank You,459,165,766,470
Yes-63c40ed7-62a9-11ef-b4e4-94bb43b557c9_jpg.rf.98ffd4dfa9c5d104861c81da14ab4483.jpg,640,480,yes,263,175,411,352
Thanks-8383e6e5-62a9-11ef-a303-94bb43b557c9_jpg.rf.98b94e400809a795e98d5f52099dd9b7.jpg,640,480,Thank You,138,249,377,422
WIN_20240825_18_34_11_Pro-5-_jpg.rf.98ba40ec170caa31c06c31f36b806fac.jpg,1280,720,I Love You,259,134,553,347
WIN_20240825_21_35_06_Pro_jpg.rf.98de79f02dfe681f6ef110007edb7a40.jpg,1280,720,Thank You,115,274,546,561
WIN_20240825_21_35_06_Pro_jpg.rf.98de79f02dfe681f6ef110007edb7a40.jpg,1280,720,yes,734,295,885,534
WIN_20240825_21_35_01_Pro-2-_jpg.rf.9910aa2c9508a0a2e462e15e085a3c5d.jpg,1280,720,Hello,0,17,327,435
WIN_20240825_21_35_01_Pro-2-_jpg.rf.9910aa2c9508a0a2e462e15e085a3c5d.jpg,1280,720,Thank You,859,437,1279,720
WIN_20240825_21_44_02_Pro-2-_jpg.rf.99a1a7d08f9e0cead45ef4ffd1cd913d.jpg,1280,720,NO,410,370,706,524
WIN_20240825_21_44_02_Pro-2-_jpg.rf.99a1a7d08f9e0cead45ef4ffd1cd913d.jpg,1280,720,Hello,1140,168,1280,447
IloveYou-96ded055-62a9-11ef-998d-94bb43b557c9_jpg.rf.9db72ddba0705b151acbbdcdc4b98b38.jpg,640,480,I Love You,152,134,332,304
WIN_20240825_21_50_55_Pro-2-_jpg.rf.9aaf34e28a89822a8fa98139bfd2e962.jpg,1280,720,Hello,284,107,569,392
WIN_20240825_21_50_55_Pro-2-_jpg.rf.9aaf34e28a89822a8fa98139bfd2e962.jpg,1280,720,Thank You,648,363,1079,574
WIN_20240825_21_41_33_Pro_jpg.rf.9b4a1b4e9430cb98ccc7102ae4e35f8d.jpg,1280,720,I Love You,539,202,834,534
WIN_20240825_18_39_04_Pro_jpg.rf.9acfcb51abbc552813fc1517d5f68275.jpg,1280,720,NO,494,252,624,465
WIN_20240825_21_44_06_Pro_jpg.rf.9b809fd06bf2321c6e2f4cf4f429f7c1.jpg,1280,720,Hello,755,232,1033,493
WIN_20240825_21_44_06_Pro_jpg.rf.9b809fd06bf2321c6e2f4cf4f429f7c1.jpg,1280,720,NO,155,270,412,468
WIN_20240825_21_36_57_Pro_jpg.rf.9cc70aa6baea9f0460caea32e492f519.jpg,1280,720,Thank You,314,327,781,593
WIN_20240825_21_41_45_Pro_jpg.rf.9a8a030f1fff722f147979585b3aecf6.jpg,1280,720,Thank You,335,290,838,601
WIN_20240825_21_53_44_Pro-3-_jpg.rf.9dad0bb21ab66ee27548c3e6bc6790d8.jpg,1280,720,NO,49,414,330,580
WIN_20240825_21_53_44_Pro-3-_jpg.rf.9dad0bb21ab66ee27548c3e6bc6790d8.jpg,1280,720,Thank You,497,502,762,677
WIN_20240825_21_53_44_Pro-3-_jpg.rf.9dad0bb21ab66ee27548c3e6bc6790d8.jpg,1280,720,Hello,987,257,1226,510
WIN_20240825_21_51_43_Pro_jpg.rf.9c84ce4bbb150edb6b85981ef864dc24.jpg,1280,720,Hello,37,74,348,400
WIN_20240825_21_51_43_Pro_jpg.rf.9c84ce4bbb150edb6b85981ef864dc24.jpg,1280,720,Hello,867,217,1185,486
WIN_20240825_21_43_09_Pro-2-_jpg.rf.9b02a6393a499a1acb6a8a740ffd2487.jpg,1280,720,yes,292,422,573,686
WIN_20240825_21_43_09_Pro-2-_jpg.rf.9b02a6393a499a1acb6a8a740ffd2487.jpg,1280,720,Thank You,684,359,1153,588
WIN_20240825_21_44_07_Pro_jpg.rf.9c069c884651a2690ed2d2fb4b1f6b20.jpg,1280,720,Hello,826,225,1087,457
WIN_20240825_21_44_07_Pro_jpg.rf.9c069c884651a2690ed2d2fb4b1f6b20.jpg,1280,720,NO,265,74,525,278
WIN_20240825_21_17_09_Pro_jpg.rf.9cc048fb54e40bd3cc9f92b825432e95.jpg,1280,720,NO,300,190,580,364
WIN_20240825_21_35_42_Pro_jpg.rf.9f62cc616ff011ff6196ba143f28ee3f.jpg,1280,720,I Love You,662,235,941,480
WIN_20240825_21_35_42_Pro_jpg.rf.9f62cc616ff011ff6196ba143f28ee3f.jpg,1280,720,yes,58,173,299,475
WIN_20240825_21_50_13_Pro-2-_jpg.rf.9ddd5d02c5ca16fd381b80faa1c29f7d.jpg,1280,720,Hello,653,195,869,462
WIN_20240825_21_50_13_Pro-2-_jpg.rf.9ddd5d02c5ca16fd381b80faa1c29f7d.jpg,1280,720,I Love You,207,384,438,609
WIN_20240825_18_34_13_Pro-3-_jpg.rf.9d5ecb69896df523f2ba38cfacc8bdb3.jpg,1280,720,I Love You,359,145,610,345
IloveYou-9bca3996-62a9-11ef-8bea-94bb43b557c9_jpg.rf.9f6ceddd84c6e38cd42de57b265055d3.jpg,640,480,I Love You,204,173,384,343
WIN_20240825_21_50_10_Pro-2-_jpg.rf.9ecf8aba0cc3efd2e56ffc4faecb1eb3.jpg,1280,720,Hello,870,189,1169,460
WIN_20240825_21_50_10_Pro-2-_jpg.rf.9ecf8aba0cc3efd2e56ffc4faecb1eb3.jpg,1280,720,I Love You,110,204,436,465
WIN_20240825_18_39_02_Pro_jpg.rf.9fc578ff049113e2e3d2c459966f16d6.jpg,1280,720,NO,880,122,1097,350
WIN_20240825_21_41_32_Pro_jpg.rf.a0067ed469298918cf4b9ab21bed8bdf.jpg,1280,720,I Love You,729,91,1071,454
WIN_20240825_21_43_49_Pro-2-_jpg.rf.a004e249cb9df8368dc58abe0a64e84c.jpg,1280,720,NO,19,222,334,450
WIN_20240825_21_43_49_Pro-2-_jpg.rf.a004e249cb9df8368dc58abe0a64e84c.jpg,1280,720,Hello,927,124,1234,417
WIN_20240825_21_54_08_Pro_jpg.rf.9ec02f1aa49312ce2ea43b5e20326dca.jpg,1280,720,NO,816,354,1078,544
WIN_20240825_21_54_08_Pro_jpg.rf.9ec02f1aa49312ce2ea43b5e20326dca.jpg,1280,720,yes,544,562,694,720
WIN_20240825_21_54_08_Pro_jpg.rf.9ec02f1aa49312ce2ea43b5e20326dca.jpg,1280,720,I Love You,337,417,514,614
WIN_20240825_21_54_08_Pro_jpg.rf.9ec02f1aa49312ce2ea43b5e20326dca.jpg,1280,720,I Love You,0,315,170,552
WIN_20240825_21_50_39_Pro-2-_jpg.rf.a1b35483d0b373e1bf818d27097e99b6.jpg,1280,720,yes,175,401,412,654
WIN_20240825_21_50_39_Pro-2-_jpg.rf.a1b35483d0b373e1bf818d27097e99b6.jpg,1280,720,I Love You,667,232,967,504
WIN_20240825_21_53_33_Pro-2-_jpg.rf.a16b5bad942690be3276a1d4012e6b43.jpg,1280,720,Thank You,4,405,312,674
WIN_20240825_21_53_33_Pro-2-_jpg.rf.a16b5bad942690be3276a1d4012e6b43.jpg,1280,720,I Love You,527,392,814,610
WIN_20240825_21_53_33_Pro-2-_jpg.rf.a16b5bad942690be3276a1d4012e6b43.jpg,1280,720,yes,1024,289,1267,486
WIN_20240825_21_41_11_Pro-2-_jpg.rf.a28294a48b2c05bb061612e37f24f127.jpg,1280,720,I Love You,384,210,642,500
WIN_20240825_21_39_17_Pro_jpg.rf.a1d6afe8b5a43c71735bbb6cc6b020a4.jpg,1280,720,yes,224,22,522,394
WIN_20240825_21_40_02_Pro-2-_jpg.rf.a236b4aa0222fa85ed8ed16ef93999fe.jpg,1280,720,yes,599,79,874,344
WIN_20240825_21_52_54_Pro_jpg.rf.a2d892a1eb6a384b1deea7629ffd3f52.jpg,1280,720,Hello,265,284,488,522
WIN_20240825_21_52_54_Pro_jpg.rf.a2d892a1eb6a384b1deea7629ffd3f52.jpg,1280,720,Hello,530,289,670,485
WIN_20240825_21_52_54_Pro_jpg.rf.a2d892a1eb6a384b1deea7629ffd3f52.jpg,1280,720,Hello,727,364,929,534
WIN_20240825_21_39_36_Pro_jpg.rf.a3879050381bd34b551bb72552534537.jpg,1280,720,yes,469,67,722,345
WIN_20240825_21_40_39_Pro_jpg.rf.a6a1c05af8bc2f00040d202f01b5563e.jpg,1280,720,NO,764,209,1081,410
WIN_20240825_21_39_55_Pro_jpg.rf.a41c19f006ae53322866a736388899b3.jpg,1280,720,yes,624,94,845,373
WIN_20240825_21_50_14_Pro_jpg.rf.a4e51ced8d3dda09cf9b499881c0e2b4.jpg,1280,720,I Love You,132,252,408,512
WIN_20240825_21_50_14_Pro_jpg.rf.a4e51ced8d3dda09cf9b499881c0e2b4.jpg,1280,720,Hello,590,235,807,530
WIN_20240825_21_52_23_Pro_jpg.rf.a15457ae4f304ac8cb8e7ef660e85fe1.jpg,1280,720,I Love You,265,439,449,720
WIN_20240825_21_52_23_Pro_jpg.rf.a15457ae4f304ac8cb8e7ef660e85fe1.jpg,1280,720,Hello,450,315,589,525
WIN_20240825_21_52_23_Pro_jpg.rf.a15457ae4f304ac8cb8e7ef660e85fe1.jpg,1280,720,Thank You,791,396,1213,585
WIN_20240825_21_50_38_Pro_jpg.rf.a3af48e672b8c19eb5235b7cbe7fa01b.jpg,1280,720,yes,324,315,566,581
WIN_20240825_21_50_38_Pro_jpg.rf.a3af48e672b8c19eb5235b7cbe7fa01b.jpg,1280,720,I Love You,644,195,834,526
WIN_20240825_18_34_26_Pro-3-_jpg.rf.a967b16a5b951d3fad32905de21f7584.jpg,1280,720,yes,360,195,528,362
WIN_20240825_21_16_05_Pro_jpg.rf.a37f27eb6832a0e55ffd430c84c61d1b.jpg,1280,720,yes,597,315,807,648
WIN_20240825_21_40_28_Pro_jpg.rf.a43a440956916a39ceef78f9b00e63e1.jpg,1280,720,NO,650,157,991,346
WIN_20240825_18_34_25_Pro-3-_jpg.rf.a0fbd78d905101c359788cdeb26bd79b.jpg,1280,720,yes,327,187,570,373
WIN_20240825_21_38_14_Pro_jpg.rf.a91261a6977ce8e394d8848b3419b708.jpg,1280,720,NO,85,112,482,458
WIN_20240825_21_41_18_Pro_jpg.rf.a29fdaad95cacbccd34facf722634a0c.jpg,1280,720,I Love You,730,147,906,373
WIN_20240825_21_53_49_Pro-2-_jpg.rf.a87f334958ac6b70cdf9ac4a4aa39c96.jpg,1280,720,NO,89,465,369,693
WIN_20240825_21_53_49_Pro-2-_jpg.rf.a87f334958ac6b70cdf9ac4a4aa39c96.jpg,1280,720,Thank You,464,487,765,698
WIN_20240825_21_53_49_Pro-2-_jpg.rf.a87f334958ac6b70cdf9ac4a4aa39c96.jpg,1280,720,I Love You,984,264,1280,466
WIN_20240825_21_53_49_Pro-2-_jpg.rf.a87f334958ac6b70cdf9ac4a4aa39c96.jpg,1280,720,I Love You,1085,357,1102,377
WIN_20240825_21_15_34_Pro_jpg.rf.a3b59a57b1a31cc50bdf19005bd74765.jpg,1280,720,I Love You,330,142,568,386
IloveYou-9e37f3f7-62a9-11ef-b91e-94bb43b557c9_jpg.rf.a9f2cdcd58c60cf814c648e0c1ee0146.jpg,640,480,I Love You,255,140,435,311
WIN_20240825_21_17_34_Pro_jpg.rf.a86f68d9cecff9a2dad1c49e9e3c2105.jpg,1280,720,Thank You,472,250,775,512
WIN_20240825_21_40_07_Pro_jpg.rf.a9a894efbfb6819f8af2a7ecc544a88b.jpg,1280,720,yes,380,207,618,504
WIN_20240825_11_49_48_Pro_jpg.rf.a88360e3b3239591dac200f9f81b4194.jpg,1280,720,Hello,337,310,618,612
WIN_20240825_21_37_14_Pro_jpg.rf.aa0f46ed67dac9861a29f6c2a5ce20b1.jpg,1280,720,Thank You,884,482,1238,676
WIN_20240825_11_50_11_Pro_jpg.rf.aa198dfd85c4886f79b6a398dffbd005.jpg,1280,720,Thank You,413,294,942,616
WIN_20240825_21_40_36_Pro_jpg.rf.a7853431baecd0fac61e51ae9902b794.jpg,1280,720,NO,522,105,817,310
WIN_20240825_21_43_37_Pro-2-_jpg.rf.ab764d588e7afec0fcadb571fd5fd7fc.jpg,1280,720,I Love You,722,109,914,363
WIN_20240825_21_43_37_Pro-2-_jpg.rf.ab764d588e7afec0fcadb571fd5fd7fc.jpg,1280,720,Thank You,82,369,525,648
WIN_20240825_21_14_44_Pro_jpg.rf.ab340f46eba212230deb554a94fe2e4f.jpg,1280,720,Hello,275,140,552,489
WIN_20240825_21_50_32_Pro_jpg.rf.ab1fcf117fb14134387f6113641b1944.jpg,1280,720,yes,375,427,593,685
WIN_20240825_21_50_32_Pro_jpg.rf.ab1fcf117fb14134387f6113641b1944.jpg,1280,720,I Love You,877,237,1241,468
WIN_20240825_21_42_54_Pro-2-_jpg.rf.acd572174a28ac7874b43b7b2c80ffa6.jpg,1280,720,I Love You,119,55,558,497
WIN_20240825_21_42_54_Pro-2-_jpg.rf.acd572174a28ac7874b43b7b2c80ffa6.jpg,1280,720,NO,729,174,1051,331
WIN_20240825_21_41_17_Pro_jpg.rf.adde275537e53bcad1ef0d87a1143934.jpg,1280,720,I Love You,620,134,849,373
WIN_20240825_21_41_34_Pro_jpg.rf.abcdd6892c21ad5fbf6144477294feb1.jpg,1280,720,I Love You,729,227,1021,536
WIN_20240825_11_50_09_Pro_jpg.rf.b2f0d9cdf96d33b99778fc150bdc3ee8.jpg,1280,720,Thank You,413,294,942,616
WIN_20240825_21_51_37_Pro_jpg.rf.ae4ad7dc1dfbf2acffcee677472df20e.jpg,1280,720,Hello,262,360,548,644
WIN_20240825_21_51_37_Pro_jpg.rf.ae4ad7dc1dfbf2acffcee677472df20e.jpg,1280,720,Hello,959,242,1233,440
WIN_20240825_21_35_40_Pro_jpg.rf.b22ddf21869804efc55d7950070bdeb2.jpg,1280,720,NO,0,133,285,404
WIN_20240825_21_35_40_Pro_jpg.rf.b22ddf21869804efc55d7950070bdeb2.jpg,1280,720,I Love You,672,235,1006,473
WIN_20240825_21_41_27_Pro-2-_jpg.rf.b33f3c22a4f9a19058b2026d9b2b556b.jpg,1280,720,I Love You,304,147,546,462
WIN_20240825_21_41_27_Pro-2-_jpg.rf.b33f3c22a4f9a19058b2026d9b2b556b.jpg,1280,720,I Love You,717,209,975,517
WIN_20240825_21_50_41_Pro_jpg.rf.b3c6be3dff775f864582d2bd23b7979b.jpg,1280,720,I Love You,625,222,935,522
WIN_20240825_21_50_41_Pro_jpg.rf.b3c6be3dff775f864582d2bd23b7979b.jpg,1280,720,yes,114,322,348,600
WIN_20240825_21_43_08_Pro_jpg.rf.b0eaf8270d6286fa59dda74d9ffbb2bb.jpg,1280,720,yes,130,209,422,497
WIN_20240825_21_43_08_Pro_jpg.rf.b0eaf8270d6286fa59dda74d9ffbb2bb.jpg,1280,720,Thank You,769,302,1247,525
WIN_20240825_21_41_25_Pro_jpg.rf.ae294624fb08a4ef94419049c2485aeb.jpg,1280,720,I Love You,594,345,882,641
IloveYou-95a01ea4-62a9-11ef-bea2-94bb43b557c9_jpg.rf.ad04c0558857af8a491505ee92d925bf.jpg,640,480,I Love You,152,134,332,304
WIN_20240825_21_34_56_Pro_jpg.rf.b340acf74fae77ca4646b007e34095ef.jpg,1280,720,NO,717,250,973,406
WIN_20240825_21_34_56_Pro_jpg.rf.b340acf74fae77ca4646b007e34095ef.jpg,1280,720,NO,0,146,290,340
WIN_20240825_21_53_44_Pro_jpg.rf.b0e7b9f3fa4be4edf12d637e50244b61.jpg,1280,720,Hello,964,265,1280,493
WIN_20240825_21_53_44_Pro_jpg.rf.b0e7b9f3fa4be4edf12d637e50244b61.jpg,1280,720,Thank You,517,507,786,692
WIN_20240825_21_53_44_Pro_jpg.rf.b0e7b9f3fa4be4edf12d637e50244b61.jpg,1280,720,NO,0,244,207,409
WIN_20240825_21_40_25_Pro_jpg.rf.ad8b719940a0569807b8103e9b3703e6.jpg,1280,720,NO,477,249,897,453
WIN_20240825_21_43_34_Pro_jpg.rf.ac71f310d85d84b86c893ce21ef75843.jpg,1280,720,I Love You,968,324,1280,561
WIN_20240825_21_43_34_Pro_jpg.rf.ac71f310d85d84b86c893ce21ef75843.jpg,1280,720,Thank You,0,369,473,644
WIN_20240825_21_26_00_Pro_jpg.rf.ac183bca3b314006197c3ab93519a91d.jpg,1280,720,NO,237,210,449,394
WIN_20240825_21_26_00_Pro_jpg.rf.ac183bca3b314006197c3ab93519a91d.jpg,1280,720,yes,517,179,737,425
WIN_20240825_18_34_16_Pro-4-_jpg.rf.ac88a072b21e89571c838630d86244a6.jpg,1280,720,Hello,342,142,566,365
WIN_20240825_21_40_17_Pro_jpg.rf.b1fd92427eb977e732ac3f241bc41382.jpg,1280,720,NO,129,184,506,549
WIN_20240825_21_41_44_Pro_jpg.rf.af0878097040809f2fc258dc9b50dd6c.jpg,1280,720,Thank You,399,349,905,654
WIN_20240825_21_53_34_Pro_jpg.rf.b08a82f52d6921beba52477100ab0c1c.jpg,1280,720,Thank You,2,434,312,720
WIN_20240825_21_53_34_Pro_jpg.rf.b08a82f52d6921beba52477100ab0c1c.jpg,1280,720,I Love You,584,440,767,661
WIN_20240825_21_53_34_Pro_jpg.rf.b08a82f52d6921beba52477100ab0c1c.jpg,1280,720,yes,1024,305,1243,582
WIN_20240825_21_39_38_Pro_jpg.rf.ae90808d160c2c591b25b6998096be05.jpg,1280,720,yes,757,245,1025,554
WIN_20240825_21_52_53_Pro_jpg.rf.b2e3a4577ffbf3da72d0b7a6b7627be1.jpg,1280,720,Hello,310,270,528,516
WIN_20240825_21_52_53_Pro_jpg.rf.b2e3a4577ffbf3da72d0b7a6b7627be1.jpg,1280,720,Hello,497,412,710,570
WIN_20240825_21_52_53_Pro_jpg.rf.b2e3a4577ffbf3da72d0b7a6b7627be1.jpg,1280,720,Hello,831,415,1029,620
WIN_20240825_21_43_38_Pro_jpg.rf.afab9e435de8e1311aa5ab0cd2c9fbc4.jpg,1280,720,Thank You,110,469,621,713
WIN_20240825_21_53_05_Pro_jpg.rf.b0ca6a3f6bcecbf3f4d4216b07960010.jpg,1280,720,I Love You,981,184,1237,438
WIN_20240825_21_53_05_Pro_jpg.rf.b0ca6a3f6bcecbf3f4d4216b07960010.jpg,1280,720,NO,485,332,659,473
WIN_20240825_21_53_05_Pro_jpg.rf.b0ca6a3f6bcecbf3f4d4216b07960010.jpg,1280,720,yes,296,340,465,562
WIN_20240825_21_40_07_Pro-2-_jpg.rf.b0ac8ecdd33e2422734a05ff8c153b99.jpg,1280,720,yes,352,88,655,360
WIN_20240825_21_53_52_Pro_jpg.rf.b496f0f01721323ef950df3a3bf0d431.jpg,1280,720,I Love You,1074,191,1279,448
WIN_20240825_21_53_52_Pro_jpg.rf.b496f0f01721323ef950df3a3bf0d431.jpg,1280,720,Thank You,522,449,785,605
WIN_20240825_21_53_52_Pro_jpg.rf.b496f0f01721323ef950df3a3bf0d431.jpg,1280,720,NO,247,304,464,486
WIN_20240825_21_36_26_Pro_jpg.rf.b3f8b0257cb854a4de6144d4ccabba4b.jpg,1280,720,Hello,649,80,942,430
Yes-629068cc-62a9-11ef-a8cb-94bb43b557c9_jpg.rf.b4ecb9756c9a8845da2770c9f414e996.jpg,640,480,yes,317,219,430,399
WIN_20240825_21_53_35_Pro-2-_jpg.rf.b8e445d6a9ec6e14b076dbca99039233.jpg,1280,720,Thank You,4,419,337,702
WIN_20240825_21_53_35_Pro-2-_jpg.rf.b8e445d6a9ec6e14b076dbca99039233.jpg,1280,720,I Love You,504,279,677,440
WIN_20240825_21_53_35_Pro-2-_jpg.rf.b8e445d6a9ec6e14b076dbca99039233.jpg,1280,720,NO,1017,285,1261,496
WIN_20240825_21_42_50_Pro_jpg.rf.b79635b773a287b0869899e290f08dc1.jpg,1280,720,I Love You,49,122,416,429
WIN_20240825_21_42_50_Pro_jpg.rf.b79635b773a287b0869899e290f08dc1.jpg,1280,720,NO,804,162,1013,381
WIN_20240825_21_36_37_Pro_jpg.rf.bfab236af6770515d09907267029e98d.jpg,1280,720,NO,669,149,974,413
WIN_20240825_21_40_16_Pro_jpg.rf.b90a4cb2687aa5c52361a56cfc84c959.jpg,1280,720,NO,184,149,574,385
WIN_20240825_21_39_36_Pro-2-_jpg.rf.b3ffe0fce658286b6a3a4713dcd36edf.jpg,1280,720,yes,837,34,1075,382
WIN_20240825_21_38_00_Pro_jpg.rf.b69cea0aa30d05713c44ba561b978592.jpg,1280,720,I Love You,715,285,907,410
WIN_20240825_21_40_09_Pro_jpg.rf.b60c7b933fe5944423c3372d51118496.jpg,1280,720,yes,177,252,448,572
WIN_20240825_21_41_13_Pro_jpg.rf.beda56e0861608ad81ca0c36bdb2dd0d.jpg,1280,720,I Love You,577,215,970,598
WIN_20240825_18_34_15_Pro-3-_jpg.rf.bc9683de72964f908b58911571e37fe1.jpg,1280,720,I Love You,395,184,610,378
WIN_20240825_21_50_49_Pro-2-_jpg.rf.b8e24d2c9e407230d4fe7a1e8736df61.jpg,1280,720,Thank You,660,370,1058,588
WIN_20240825_21_50_49_Pro-2-_jpg.rf.b8e24d2c9e407230d4fe7a1e8736df61.jpg,1280,720,Hello,175,267,456,536
WIN_20240825_21_15_52_Pro-2-_jpg.rf.bb40235ed918cf3f8c19e17f846f40f3.jpg,1280,720,yes,670,242,899,517
WIN_20240825_21_50_55_Pro-3-_jpg.rf.bd71666a77b0fb3fff8dd9a3768258ec.jpg,1280,720,Hello,281,99,640,397
WIN_20240825_21_50_55_Pro-3-_jpg.rf.bd71666a77b0fb3fff8dd9a3768258ec.jpg,1280,720,Thank You,651,362,1090,561
WIN_20240825_21_15_47_Pro_jpg.rf.b70a87093467bffbd349302a16401ecd.jpg,1280,720,yes,679,339,894,656
WIN_20240825_21_40_26_Pro_jpg.rf.b93a88474944df38a67e3e2d1bb41dec.jpg,1280,720,NO,537,152,885,348
WIN_20240825_21_37_55_Pro_jpg.rf.b78c709dc35a5de6ba7cd93d2288b806.jpg,1280,720,I Love You,704,255,933,466
No-7b7deef0-62a9-11ef-a5ac-94bb43b557c9_jpg.rf.bd2c80cc12e44191f0416fe071ee3aeb.jpg,640,480,NO,298,177,475,327
WIN_20240825_21_42_00_Pro-2-_jpg.rf.b513a98c481da7aa283e018261e49030.jpg,1280,720,Thank You,399,322,862,626
WIN_20240825_21_39_16_Pro_jpg.rf.bae4b2cfa914a381caa6fba8439f20b8.jpg,1280,720,yes,182,97,420,408
WIN_20240825_18_34_16_Pro-3-_jpg.rf.b66ca4e39998b15d441239a8949abf3a.jpg,1280,720,Hello,307,137,549,370
WIN_20240825_18_34_14_Pro-2-_jpg.rf.b98f0c055c9d4ad2290ad98dcaa7fcc8.jpg,1280,720,I Love You,357,142,590,361
Thanks-8ac14af9-62a9-11ef-a482-94bb43b557c9_jpg.rf.b83099b12c070dc27b4d14313f656b42.jpg,640,480,Thank You,146,262,388,438
WIN_20240825_21_39_57_Pro_jpg.rf.b942abc811a7dfba7fb3939e35688f2d.jpg,1280,720,yes,452,274,721,545
WIN_20240825_21_41_51_Pro_jpg.rf.c0c38539ee917509d42d3db4bb8db5e1.jpg,1280,720,Thank You,477,315,917,552
WIN_20240825_21_39_29_Pro_jpg.rf.c1d53d4d8a4c0abb7a0ef6776244a79a.jpg,1280,720,yes,510,162,843,398
WIN_20240825_21_41_23_Pro_jpg.rf.c7517039b330ee969773d2a549a5100b.jpg,1280,720,I Love You,810,154,1038,449
WIN_20240825_21_50_58_Pro-2-_jpg.rf.c2eedf8037338429948ae04c7379e181.jpg,1280,720,Thank You,670,354,1062,566
WIN_20240825_21_50_58_Pro-2-_jpg.rf.c2eedf8037338429948ae04c7379e181.jpg,1280,720,Hello,242,230,473,470
WIN_20240825_21_39_30_Pro_jpg.rf.c2a287f9d77ca58b4b83dc0fe658ace1.jpg,1280,720,yes,344,339,589,641
WIN_20240825_21_39_30_Pro_jpg.rf.c2a287f9d77ca58b4b83dc0fe658ace1.jpg,1280,720,yes,618,360,877,633
WIN_20240825_21_41_50_Pro_jpg.rf.c496cf9a0b5d88c254ac69fdab2067b8.jpg,1280,720,Thank You,404,403,754,664
WIN_20240825_21_52_30_Pro_jpg.rf.c0b1c1112954fd15d6cb07879ae674e2.jpg,1280,720,Hello,270,235,485,530
WIN_20240825_21_52_30_Pro_jpg.rf.c0b1c1112954fd15d6cb07879ae674e2.jpg,1280,720,Hello,504,373,636,554
WIN_20240825_21_52_30_Pro_jpg.rf.c0b1c1112954fd15d6cb07879ae674e2.jpg,1280,720,Hello,1008,234,1239,456
WIN_20240825_18_37_38_Pro_jpg.rf.c51b1d6de92c818e65e45f62c20b6b3c.jpg,1280,720,I Love You,157,72,429,297
WIN_20240825_18_37_38_Pro_jpg.rf.c51b1d6de92c818e65e45f62c20b6b3c.jpg,1280,720,I Love You,742,82,961,334
WIN_20240825_21_50_22_Pro_jpg.rf.c0d413e110c6fa560671b0db8f45ff83.jpg,1280,720,yes,605,329,770,549
WIN_20240825_21_50_22_Pro_jpg.rf.c0d413e110c6fa560671b0db8f45ff83.jpg,1280,720,Thank You,127,342,558,538
WIN_20240825_21_43_15_Pro_jpg.rf.c21379f0170f8977c57231022bd276b5.jpg,1280,720,Thank You,737,359,1183,628
WIN_20240825_21_43_15_Pro_jpg.rf.c21379f0170f8977c57231022bd276b5.jpg,1280,720,yes,0,188,288,475
WIN_20240825_21_16_07_Pro_jpg.rf.c41f4e96ca6e9467f5707a3333938df2.jpg,1280,720,yes,637,329,827,672
WIN_20240825_21_54_13_Pro_jpg.rf.c327c9a019a4d406b1c45eb605136a83.jpg,1280,720,yes,612,455,743,641
WIN_20240825_21_54_13_Pro_jpg.rf.c327c9a019a4d406b1c45eb605136a83.jpg,1280,720,yes,784,389,893,565
WIN_20240825_21_54_13_Pro_jpg.rf.c327c9a019a4d406b1c45eb605136a83.jpg,1280,720,yes,1034,315,1193,508
WIN_20240825_21_54_13_Pro_jpg.rf.c327c9a019a4d406b1c45eb605136a83.jpg,1280,720,I Love You,215,269,466,458
WIN_20240825_21_43_28_Pro-2-_jpg.rf.c35dbcc652c6fa3c4f1adbf5ebd00119.jpg,1280,720,Thank You,130,402,569,678
WIN_20240825_21_43_28_Pro-2-_jpg.rf.c35dbcc652c6fa3c4f1adbf5ebd00119.jpg,1280,720,I Love You,697,245,899,452
WIN_20240825_21_41_48_Pro_jpg.rf.c133b2cee33856559bb71e99e017e30e.jpg,1280,720,Thank You,557,375,1135,668
WIN_20240825_21_51_46_Pro_jpg.rf.c257025012383bc97f2723f59a04291f.jpg,1280,720,Hello,2,322,189,629
WIN_20240825_21_51_46_Pro_jpg.rf.c257025012383bc97f2723f59a04291f.jpg,1280,720,Hello,920,269,1177,577
WIN_20240825_21_43_35_Pro-2-_jpg.rf.c05b6d106df856f0b2ebf70baac20a66.jpg,1280,720,Thank You,217,302,670,596
WIN_20240825_21_43_35_Pro-2-_jpg.rf.c05b6d106df856f0b2ebf70baac20a66.jpg,1280,720,I Love You,739,390,957,630
WIN_20240825_21_15_32_Pro_jpg.rf.c29676aa1732bd3d28f5af4690a80114.jpg,1280,720,I Love You,670,119,902,358
WIN_20240825_21_34_47_Pro_jpg.rf.c40fe52e36308c5688e86be2ef8de11e.jpg,1280,720,I Love You,0,211,319,578
WIN_20240825_21_34_47_Pro_jpg.rf.c40fe52e36308c5688e86be2ef8de11e.jpg,1280,720,Hello,674,205,969,492
WIN_20240825_21_38_19_Pro_jpg.rf.c4c5640af1ee6af4e08318fc4c553fd3.jpg,1280,720,NO,290,424,673,720
WIN_20240825_21_15_46_Pro_jpg.rf.c35c34dca2abde0ab44274d07ab19187.jpg,1280,720,yes,704,254,885,606
WIN_20240825_18_38_56_Pro_jpg.rf.c119af0073e141751094fa3fe46b3a6f.jpg,1280,720,Hello,405,89,608,319
WIN_20240825_18_34_11_Pro-2-_jpg.rf.c5e0e937645a7f3fe58b735311fb2223.jpg,1280,720,I Love You,330,182,560,402
WIN_20240825_21_51_45_Pro_jpg.rf.c1cc99940bf5a623de375646ce6d268e.jpg,1280,720,Hello,50,209,346,540
WIN_20240825_21_51_45_Pro_jpg.rf.c1cc99940bf5a623de375646ce6d268e.jpg,1280,720,Hello,938,118,1243,397
WIN_20240825_21_54_11_Pro_jpg.rf.c24955e3840bd1dcdacff5481a5833d2.jpg,1280,720,I Love You,0,252,198,504
WIN_20240825_21_54_11_Pro_jpg.rf.c24955e3840bd1dcdacff5481a5833d2.jpg,1280,720,I Love You,317,415,504,609
WIN_20240825_21_54_11_Pro_jpg.rf.c24955e3840bd1dcdacff5481a5833d2.jpg,1280,720,yes,484,409,637,532
WIN_20240825_21_54_11_Pro_jpg.rf.c24955e3840bd1dcdacff5481a5833d2.jpg,1280,720,NO,830,394,985,617
WIN_20240825_21_40_02_Pro_jpg.rf.c411cc7e5dd26cf1fafd7826d61be5d9.jpg,1280,720,yes,384,119,642,381
WIN_20240825_21_51_12_Pro_jpg.rf.c7a4b699ff7220fbc01eafe7f0253a15.jpg,1280,720,yes,250,220,512,470
WIN_20240825_21_51_12_Pro_jpg.rf.c7a4b699ff7220fbc01eafe7f0253a15.jpg,1280,720,yes,872,217,1167,417
WIN_20240825_21_53_44_Pro-2-_jpg.rf.cb380f5bddea4f936d261b146769b199.jpg,1280,720,Hello,1082,235,1280,510
WIN_20240825_21_53_44_Pro-2-_jpg.rf.cb380f5bddea4f936d261b146769b199.jpg,1280,720,Thank You,501,494,818,665
WIN_20240825_21_53_44_Pro-2-_jpg.rf.cb380f5bddea4f936d261b146769b199.jpg,1280,720,NO,0,247,248,411
WIN_20240825_21_50_52_Pro-2-_jpg.rf.c8a41b40276f5750b935e72cc2f780bb.jpg,1280,720,Hello,34,94,304,392
WIN_20240825_21_50_52_Pro-2-_jpg.rf.c8a41b40276f5750b935e72cc2f780bb.jpg,1280,720,Thank You,640,382,1085,610
WIN_20240825_21_15_38_Pro_jpg.rf.c88e0f635d367e7f96c203f64435fdd6.jpg,1280,720,I Love You,649,112,926,408
Hello-52344fc7-62a9-11ef-b491-94bb43b557c9_jpg.rf.c7dc7dcacc42b8e3b51847dbfb4eeca4.jpg,640,480,Hello,271,217,448,407
WIN_20240825_21_41_22_Pro-2-_jpg.rf.d1245fb8463d82e64be349a5ae78fd59.jpg,1280,720,I Love You,695,57,955,335
WIN_20240825_21_37_12_Pro_jpg.rf.cfdf0a7d7a257c22401bbe845034b2c3.jpg,1280,720,Thank You,242,297,723,573
IloveYou-9328a3ed-62a9-11ef-9d99-94bb43b557c9_jpg.rf.c90d79d3e39aae0fa26bcb3601e0d84a.jpg,640,480,I Love You,237,127,425,311
WIN_20240825_21_41_04_Pro_jpg.rf.c888d289d52299050dee15a5e1d25e8a.jpg,1280,720,I Love You,269,117,609,485
WIN_20240825_21_35_50_Pro_jpg.rf.c90d002faf9d0f33c3c2836da21577b9.jpg,1280,720,Hello,720,249,901,508
WIN_20240825_21_35_50_Pro_jpg.rf.c90d002faf9d0f33c3c2836da21577b9.jpg,1280,720,Hello,460,184,641,521
WIN_20240825_21_44_02_Pro_jpg.rf.cfcc677d15e501f5669e0435a731de05.jpg,1280,720,NO,329,469,614,624
WIN_20240825_21_44_02_Pro_jpg.rf.cfcc677d15e501f5669e0435a731de05.jpg,1280,720,Hello,1127,112,1280,416
WIN_20240825_21_36_07_Pro_jpg.rf.ce53484c1730c95bb425e43d88d7908a.jpg,1280,720,Thank You,842,342,1279,560
WIN_20240825_21_36_07_Pro_jpg.rf.ce53484c1730c95bb425e43d88d7908a.jpg,1280,720,yes,117,230,341,516
WIN_20240825_21_42_38_Pro_jpg.rf.cb899500a71259a68fe8be4630778cf7.jpg,1280,720,yes,962,179,1280,498
WIN_20240825_21_42_38_Pro_jpg.rf.cb899500a71259a68fe8be4630778cf7.jpg,1280,720,Hello,209,80,517,377
WIN_20240825_21_15_49_Pro_jpg.rf.c840a31734f7726541525c3da3fc9866.jpg,1280,720,yes,710,187,886,464
WIN_20240825_21_44_05_Pro_jpg.rf.cede906ffcbee29b8bcbfdf30a9bc0be.jpg,1280,720,NO,140,302,388,497
WIN_20240825_21_44_05_Pro_jpg.rf.cede906ffcbee29b8bcbfdf30a9bc0be.jpg,1280,720,Hello,839,175,1130,434
WIN_20240825_21_50_51_Pro_jpg.rf.ca74d5c74e3312fbccc5820c332d89c3.jpg,1280,720,Hello,185,432,497,665
WIN_20240825_21_50_51_Pro_jpg.rf.ca74d5c74e3312fbccc5820c332d89c3.jpg,1280,720,Thank You,659,358,1055,601
WIN_20240825_21_35_44_Pro_jpg.rf.c7f747c8c503451a4a8c4c9a6ad658aa.jpg,1280,720,yes,82,155,292,441
WIN_20240825_21_35_44_Pro_jpg.rf.c7f747c8c503451a4a8c4c9a6ad658aa.jpg,1280,720,I Love You,612,167,939,461
WIN_20240825_21_50_55_Pro_jpg.rf.cac0d8d5b3fc03232e05168c63ab5726.jpg,1280,720,Hello,257,134,545,437
WIN_20240825_21_50_55_Pro_jpg.rf.cac0d8d5b3fc03232e05168c63ab5726.jpg,1280,720,Thank You,624,389,1117,620
WIN_20240825_21_25_48_Pro_jpg.rf.ce8396ea80e23e1328016b577028d68f.jpg,1280,720,NO,988,97,1256,274
WIN_20240825_21_25_48_Pro_jpg.rf.ce8396ea80e23e1328016b577028d68f.jpg,1280,720,I Love You,225,125,493,420
WIN_20240825_21_50_44_Pro_jpg.rf.d22e9f5e5da138383c5ed6d1c9ed79b0.jpg,1280,720,Hello,52,47,346,326
WIN_20240825_21_50_44_Pro_jpg.rf.d22e9f5e5da138383c5ed6d1c9ed79b0.jpg,1280,720,I Love You,914,133,1171,445
WIN_20240825_21_51_03_Pro_jpg.rf.d1e104f19ba6431de9db47d41d4f2f91.jpg,1280,720,NO,0,194,280,357
WIN_20240825_21_51_03_Pro_jpg.rf.d1e104f19ba6431de9db47d41d4f2f91.jpg,1280,720,yes,915,272,1167,528
WIN_20240825_21_38_33_Pro_jpg.rf.d2348f0c5d72b8314433ead46ccb878f.jpg,1280,720,yes,372,110,597,432
WIN_20240825_21_36_59_Pro_jpg.rf.cde50e34742a184b707608f2565eb866.jpg,1280,720,Thank You,270,419,793,720
WIN_20240825_21_36_40_Pro_jpg.rf.cf6fd109c819cad620885a75eaf5d145.jpg,1280,720,NO,294,254,577,501
WIN_20240825_21_43_25_Pro_jpg.rf.cab1b02d01428d591d54493864178493.jpg,1280,720,Thank You,59,475,582,705
WIN_20240825_21_43_25_Pro_jpg.rf.cab1b02d01428d591d54493864178493.jpg,1280,720,I Love You,569,279,885,512
WIN_20240825_21_53_06_Pro_jpg.rf.c9d5c7aa1eb62069db464ef6b6163bd8.jpg,1280,720,yes,164,410,360,644
WIN_20240825_21_53_06_Pro_jpg.rf.c9d5c7aa1eb62069db464ef6b6163bd8.jpg,1280,720,NO,450,430,636,594
WIN_20240825_21_53_06_Pro_jpg.rf.c9d5c7aa1eb62069db464ef6b6163bd8.jpg,1280,720,I Love You,972,225,1275,502
WIN_20240825_11_49_44_Pro_jpg.rf.d6674d5cadf5d33dbfcf885830cf12cd.jpg,1280,720,Hello,420,115,701,417
WIN_20240825_21_43_13_Pro_jpg.rf.d2a38ad9e4fb87e8a586661e2d233240.jpg,1280,720,yes,89,454,428,705
WIN_20240825_21_43_13_Pro_jpg.rf.d2a38ad9e4fb87e8a586661e2d233240.jpg,1280,720,Thank You,893,283,1268,509
WIN_20240825_21_35_17_Pro_jpg.rf.d3d39cadf839ec65a5528093ccbc63c4.jpg,1280,720,NO,697,217,950,398
WIN_20240825_21_35_17_Pro_jpg.rf.d3d39cadf839ec65a5528093ccbc63c4.jpg,1280,720,NO,0,127,295,327
WIN_20240825_21_54_18_Pro_jpg.rf.d2fbfe32b5579e05743bf397f14b360e.jpg,1280,720,yes,10,364,190,608
WIN_20240825_21_54_18_Pro_jpg.rf.d2fbfe32b5579e05743bf397f14b360e.jpg,1280,720,yes,320,417,488,616
WIN_20240825_21_54_18_Pro_jpg.rf.d2fbfe32b5579e05743bf397f14b360e.jpg,1280,720,yes,597,239,721,416
WIN_20240825_21_54_18_Pro_jpg.rf.d2fbfe32b5579e05743bf397f14b360e.jpg,1280,720,NO,792,392,925,564
WIN_20240825_21_54_18_Pro_jpg.rf.d2fbfe32b5579e05743bf397f14b360e.jpg,1280,720,NO,1090,308,1280,482
WIN_20240825_21_43_37_Pro_jpg.rf.d54e2080dc3972fe7fabd7b5b879135b.jpg,1280,720,Thank You,0,389,457,660
WIN_20240825_21_43_37_Pro_jpg.rf.d54e2080dc3972fe7fabd7b5b879135b.jpg,1280,720,I Love You,729,99,939,331
Yes-615c9589-62a9-11ef-8226-94bb43b557c9_jpg.rf.d3b05377b19a2d723f6353883adabad0.jpg,640,480,yes,124,159,237,339
WIN_20240825_21_40_20_Pro_jpg.rf.d741bbcc63a00dccba0f1f46fbe1514d.jpg,1280,720,NO,330,339,702,546
WIN_20240825_21_42_48_Pro-2-_jpg.rf.d5f1c22e3261ca9e7a67e27f82b4151f.jpg,1280,720,I Love You,37,149,449,454
WIN_20240825_21_42_48_Pro-2-_jpg.rf.d5f1c22e3261ca9e7a67e27f82b4151f.jpg,1280,720,NO,630,252,910,465
WIN_20240825_21_43_54_Pro-2-_jpg.rf.d44bd48cdd4df6265a1517363c418c21.jpg,1280,720,Hello,1057,264,1280,548
WIN_20240825_21_43_54_Pro-2-_jpg.rf.d44bd48cdd4df6265a1517363c418c21.jpg,1280,720,NO,0,222,248,492
WIN_20240825_21_41_12_Pro-2-_jpg.rf.d66a673db59c7b5c71f464876b18216d.jpg,1280,720,I Love You,582,242,937,564
WIN_20240825_21_39_52_Pro_jpg.rf.d497e3f6facffb0fd632729d2bb3afe4.jpg,1280,720,yes,79,162,350,425
WIN_20240825_21_52_56_Pro_jpg.rf.d7522e36766e85b7216ffd1311707180.jpg,1280,720,Hello,199,451,434,705
WIN_20240825_21_52_56_Pro_jpg.rf.d7522e36766e85b7216ffd1311707180.jpg,1280,720,Hello,422,353,606,509
WIN_20240825_21_52_56_Pro_jpg.rf.d7522e36766e85b7216ffd1311707180.jpg,1280,720,Hello,744,425,962,624
WIN_20240825_21_39_50_Pro-2-_jpg.rf.d692455b2ad84675b5d69c9af024779e.jpg,1280,720,yes,372,114,598,377
WIN_20240825_11_50_29_Pro_jpg.rf.d6cae7b99cc10653c1dbf309e864e840.jpg,1280,720,NO,700,232,1008,447
WIN_20240825_21_53_08_Pro_jpg.rf.d69ff28c117128d28667deb0b1e1af6a.jpg,1280,720,I Love You,954,244,1280,417
WIN_20240825_21_53_08_Pro_jpg.rf.d69ff28c117128d28667deb0b1e1af6a.jpg,1280,720,Signs,594,369,771,469
WIN_20240825_21_53_08_Pro_jpg.rf.d69ff28c117128d28667deb0b1e1af6a.jpg,1280,720,yes,262,377,502,573
WIN_20240825_21_44_08_Pro_jpg.rf.da7faf7990792dd1797dd78345a2fba6.jpg,1280,720,Hello,830,137,1121,377
WIN_20240825_21_44_08_Pro_jpg.rf.da7faf7990792dd1797dd78345a2fba6.jpg,1280,720,NO,412,315,646,464
WIN_20240825_21_43_59_Pro-2-_jpg.rf.df1170cd689a728612bc59d4977f22d9.jpg,1280,720,Hello,825,194,1106,460
WIN_20240825_21_43_59_Pro-2-_jpg.rf.df1170cd689a728612bc59d4977f22d9.jpg,1280,720,NO,225,395,534,588
WIN_20240825_21_17_36_Pro_jpg.rf.d7d8de398b17347333e111cb23613130.jpg,1280,720,Thank You,464,212,789,476
WIN_20240825_21_37_21_Pro_jpg.rf.dba7ea4a5c4f4fd38ae0032821db923d.jpg,1280,720,I Love You,184,280,404,553
WIN_20240825_18_38_57_Pro_jpg.rf.dafc08ed72f12289ed56229ac429ff81.jpg,1280,720,Hello,397,165,605,370
WIN_20240825_21_37_46_Pro_jpg.rf.d84c27445346a0edd9c0631ce32cf322.jpg,1280,720,I Love You,317,279,509,488
WIN_20240825_21_41_46_Pro-2-_jpg.rf.da77aa5dcac88abfde99be5c67d4ad5e.jpg,1280,720,Thank You,612,389,1249,713
WIN_20240825_21_50_08_Pro-2-_jpg.rf.d936eb78995630f57dc7678146da3953.jpg,1280,720,I Love You,274,29,609,334
WIN_20240825_21_50_08_Pro-2-_jpg.rf.d936eb78995630f57dc7678146da3953.jpg,1280,720,Hello,944,149,1253,444
WIN_20240825_21_36_42_Pro_jpg.rf.dbfe1c6c402d6f23db503234f82d5919.jpg,1280,720,NO,272,385,610,650
WIN_20240825_21_52_21_Pro_jpg.rf.d7fd839931ea6059e8741ee60b574a55.jpg,1280,720,yes,1074,259,1246,486
WIN_20240825_21_52_21_Pro_jpg.rf.d7fd839931ea6059e8741ee60b574a55.jpg,1280,720,Hello,454,275,637,478
WIN_20240825_21_52_21_Pro_jpg.rf.d7fd839931ea6059e8741ee60b574a55.jpg,1280,720,I Love You,252,430,448,696
WIN_20240825_21_52_51_Pro_jpg.rf.dd48708f75306304e47ffd1408f6edc0.jpg,1280,720,Hello,219,199,449,441
WIN_20240825_21_52_51_Pro_jpg.rf.dd48708f75306304e47ffd1408f6edc0.jpg,1280,720,Hello,635,450,795,610
WIN_20240825_21_52_51_Pro_jpg.rf.dd48708f75306304e47ffd1408f6edc0.jpg,1280,720,Hello,790,322,975,509
WIN_20240825_21_50_23_Pro_jpg.rf.de0b03e5d2304079fe8d8dbe5f23957d.jpg,1280,720,Thank You,102,365,588,586
WIN_20240825_21_50_23_Pro_jpg.rf.de0b03e5d2304079fe8d8dbe5f23957d.jpg,1280,720,yes,633,250,805,513
WIN_20240825_21_51_41_Pro_jpg.rf.e31dc4c901f1e675a7281ab4d1d1828c.jpg,1280,720,Hello,57,254,338,564
WIN_20240825_21_51_41_Pro_jpg.rf.e31dc4c901f1e675a7281ab4d1d1828c.jpg,1280,720,Hello,902,202,1175,444
WIN_20240825_11_49_46_Pro_jpg.rf.df141f59dd7e2fbfc00fb4f3bbd9e510.jpg,1280,720,Hello,471,321,752,623
WIN_20240825_21_52_55_Pro_jpg.rf.dfd6b7ddab613fb23762ff35d3faf79b.jpg,1280,720,Hello,295,444,497,664
WIN_20240825_21_52_55_Pro_jpg.rf.dfd6b7ddab613fb23762ff35d3faf79b.jpg,1280,720,Hello,457,232,578,450
WIN_20240825_21_52_55_Pro_jpg.rf.dfd6b7ddab613fb23762ff35d3faf79b.jpg,1280,720,Hello,740,390,1014,605
WIN_20240825_21_38_25_Pro-2-_jpg.rf.dcab66413649536aa6393176a3898877.jpg,1280,720,NO,525,209,797,408
WIN_20240825_18_37_52_Pro_jpg.rf.e1a1b74a5c2df6dfbcbdbf4546f0852d.jpg,1280,720,I Love You,279,55,513,238
WIN_20240825_18_37_52_Pro_jpg.rf.e1a1b74a5c2df6dfbcbdbf4546f0852d.jpg,1280,720,I Love You,960,73,1274,344
WIN_20240825_21_36_27_Pro_jpg.rf.dc3e8ccdc2b218aa090c7984d3b09469.jpg,1280,720,Hello,659,140,983,477
WIN_20240825_21_15_10_Pro_jpg.rf.e12aa2344fa73baf9b446cb8aa5c11fa.jpg,1280,720,Hello,679,97,922,297
WIN_20240825_21_15_04_Pro_jpg.rf.e1e66cadced122950cc8ee7638b4acc1.jpg,1280,720,Hello,675,52,965,315
WIN_20240825_18_34_24_Pro-2-_jpg.rf.dc6256e271374eb504f34b2787f090c3.jpg,1280,720,yes,300,197,488,410
No-7cb13152-62a9-11ef-a313-94bb43b557c9_jpg.rf.e1ca747d77d17172c5487aaa44667634.jpg,640,480,NO,352,177,529,327
WIN_20240825_21_38_24_Pro_jpg.rf.e5934de94431974296775c1df57d3ab1.jpg,1280,720,NO,792,337,1059,564
WIN_20240825_21_16_21_Pro_jpg.rf.e341f0fe8181160759ab3dd1c57b4c94.jpg,1280,720,yes,330,245,600,546
WIN_20240825_21_41_54_Pro-2-_jpg.rf.e53b6ba808c795a4522ff976bc92e34e.jpg,1280,720,Thank You,295,270,785,554
WIN_20240825_21_16_16_Pro_jpg.rf.e7fc8d0c16bd175be5a01b193af79d00.jpg,1280,720,yes,449,262,771,665
WIN_20240825_21_53_51_Pro_jpg.rf.e24ed86d20bb4d0b990b6d4ea868711e.jpg,1280,720,I Love You,1010,244,1270,441
WIN_20240825_21_53_51_Pro_jpg.rf.e24ed86d20bb4d0b990b6d4ea868711e.jpg,1280,720,Thank You,495,510,762,656
WIN_20240825_21_53_51_Pro_jpg.rf.e24ed86d20bb4d0b990b6d4ea868711e.jpg,1280,720,NO,215,229,473,462
WIN_20240825_21_26_01_Pro_jpg.rf.e77a70b4ba58f4a08ad81fd511e3688f.jpg,1280,720,NO,255,214,453,390
WIN_20240825_21_26_01_Pro_jpg.rf.e77a70b4ba58f4a08ad81fd511e3688f.jpg,1280,720,yes,557,207,737,424
WIN_20240825_21_42_53_Pro_jpg.rf.e5702f98095ded9d46120f9b7ea50479.jpg,1280,720,I Love You,362,254,625,494
WIN_20240825_21_42_53_Pro_jpg.rf.e5702f98095ded9d46120f9b7ea50479.jpg,1280,720,NO,856,237,1171,421
WIN_20240825_21_16_19_Pro_jpg.rf.e3ece222d5754c08465e6c76f48af880.jpg,1280,720,yes,486,187,722,640
WIN_20240825_18_34_15_Pro-2-_jpg.rf.e95e1b3c757d54db94b6d1f51e34857d.jpg,1280,720,I Love You,379,192,590,385
Yes-662beb7b-62a9-11ef-8f3f-94bb43b557c9_jpg.rf.e63527ba6f630a598318cd333166fb7b.jpg,640,480,yes,124,159,237,339
WIN_20240825_21_50_36_Pro_jpg.rf.e8729fbba3f8269ad78a064d980292a4.jpg,1280,720,yes,180,82,422,400
WIN_20240825_18_38_50_Pro_jpg.rf.e9c5066e21bf99980ed9c4407e9599ab.jpg,1280,720,Hello,444,167,679,376
WIN_20240825_21_40_17_Pro-2-_jpg.rf.eabb64f8ba20faea2ff58482249fa569.jpg,1280,720,NO,122,289,488,548
WIN_20240825_21_40_04_Pro-2-_jpg.rf.e359672b5bed8f9cee068d40cb8c5ef5.jpg,1280,720,yes,512,413,770,666
WIN_20240825_18_34_13_Pro-5-_jpg.rf.ed495bd81631f4931be27cb0326b4619.jpg,1280,720,I Love You,395,154,666,338
WIN_20240825_21_41_55_Pro_jpg.rf.eac7c5bb4f40a3052529f0b46f2f3c40.jpg,1280,720,Thank You,350,277,846,521
WIN_20240825_21_54_04_Pro_jpg.rf.e9b583f1c74f6db5c6f0a8d796a65fca.jpg,1280,720,I Love You,829,307,998,538
WIN_20240825_21_54_04_Pro_jpg.rf.e9b583f1c74f6db5c6f0a8d796a65fca.jpg,1280,720,I Love You,8,227,322,516
WIN_20240825_21_54_04_Pro_jpg.rf.e9b583f1c74f6db5c6f0a8d796a65fca.jpg,1280,720,yes,387,327,528,505
WIN_20240825_21_42_36_Pro_jpg.rf.eb1c303f58433f537f56f84671e5af07.jpg,1280,720,yes,684,404,897,681
WIN_20240825_21_42_36_Pro_jpg.rf.eb1c303f58433f537f56f84671e5af07.jpg,1280,720,Hello,22,150,301,449
WIN_20240825_21_17_33_Pro_jpg.rf.ec643ec7c24949bc58896e0b6f646e84.jpg,1280,720,Thank You,444,153,777,402
WIN_20240825_21_41_04_Pro-2-_jpg.rf.ebc33df4e058e44d36b3948c8fb50991.jpg,1280,720,I Love You,287,59,644,424
WIN_20240825_21_50_31_Pro-2-_jpg.rf.ec65038e503647da73eb50df3c329974.jpg,1280,720,yes,240,212,504,558
WIN_20240825_21_50_31_Pro-2-_jpg.rf.ec65038e503647da73eb50df3c329974.jpg,1280,720,I Love You,909,189,1174,454
WIN_20240825_21_35_18_Pro_jpg.rf.ee4f202e3a1fcf404be6a23092701053.jpg,1280,720,NO,697,214,997,404
WIN_20240825_21_35_18_Pro_jpg.rf.ee4f202e3a1fcf404be6a23092701053.jpg,1280,720,yes,34,163,272,474
Thanks-8d32be56-62a9-11ef-a44e-94bb43b557c9_jpg.rf.f00fcb6d170b97774a8baab823eafbc3.jpg,640,480,Thank You,146,262,388,438
WIN_20240825_21_43_16_Pro-2-_jpg.rf.eb8f4653c7faa7aefbf2a2bee5811e98.jpg,1280,720,yes,0,185,180,496
WIN_20240825_21_43_16_Pro-2-_jpg.rf.eb8f4653c7faa7aefbf2a2bee5811e98.jpg,1280,720,Thank You,735,300,1199,578
WIN_20240825_21_43_11_Pro_jpg.rf.eeae7c447a21bd2bba0d4c681016005e.jpg,1280,720,yes,38,214,316,524
WIN_20240825_21_43_11_Pro_jpg.rf.eeae7c447a21bd2bba0d4c681016005e.jpg,1280,720,Thank You,692,335,1198,601
WIN_20240825_21_41_55_Pro-2-_jpg.rf.efb85a27c1dc8469838b0d60e1ec2aaa.jpg,1280,720,Thank You,473,299,866,632
WIN_20240825_21_40_05_Pro_jpg.rf.f42df554629ab12500320cd26f4e9014.jpg,1280,720,yes,630,310,874,650
WIN_20240825_21_35_39_Pro-2-_jpg.rf.f4874cbbc8250c91696805fd0bb94bff.jpg,1280,720,yes,734,283,888,549
WIN_20240825_21_35_39_Pro-2-_jpg.rf.f4874cbbc8250c91696805fd0bb94bff.jpg,1280,720,NO,0,155,275,347
WIN_20240825_21_16_56_Pro_jpg.rf.ee150a26351dbe6ad5ce54b07ce26e46.jpg,1280,720,NO,664,175,909,343
WIN_20240825_21_16_56_Pro_jpg.rf.ee150a26351dbe6ad5ce54b07ce26e46.jpg,1280,720,NO,377,222,626,392
WIN_20240825_21_41_16_Pro-2-_jpg.rf.f2982f385267c9c4c3e9af1a759e9a52.jpg,1280,720,I Love You,580,186,893,492
WIN_20240825_21_41_58_Pro_jpg.rf.f166d9ac62a32b7ad9a31c6bb3839ed9.jpg,1280,720,Thank You,455,385,845,692
WIN_20240825_21_39_55_Pro-2-_jpg.rf.f5549154a7d5289112fc71fe006933bb.jpg,1280,720,yes,577,182,834,492
WIN_20240825_21_42_55_Pro_jpg.rf.f55e95cffe18c5836c88b4e12a85b17f.jpg,1280,720,I Love You,79,272,444,578
WIN_20240825_21_42_55_Pro_jpg.rf.f55e95cffe18c5836c88b4e12a85b17f.jpg,1280,720,NO,670,287,935,454
WIN_20240825_21_54_10_Pro_jpg.rf.f8ec4b8e83b9f5fb340f49be7f7fe149.jpg,1280,720,NO,819,375,995,554
WIN_20240825_21_54_10_Pro_jpg.rf.f8ec4b8e83b9f5fb340f49be7f7fe149.jpg,1280,720,yes,454,244,706,420
WIN_20240825_21_54_10_Pro_jpg.rf.f8ec4b8e83b9f5fb340f49be7f7fe149.jpg,1280,720,I Love You,326,394,552,578
WIN_20240825_21_54_10_Pro_jpg.rf.f8ec4b8e83b9f5fb340f49be7f7fe149.jpg,1280,720,I Love You,0,244,204,542
WIN_20240825_21_40_24_Pro_jpg.rf.f2129a6a1118d0732bbe08840437a009.jpg,1280,720,NO,624,399,955,553
WIN_20240825_21_54_01_Pro_jpg.rf.f762776ba8d5ef502c44523c4f6cb28d.jpg,1280,720,yes,615,319,726,510
WIN_20240825_21_54_01_Pro_jpg.rf.f762776ba8d5ef502c44523c4f6cb28d.jpg,1280,720,I Love You,287,331,496,532
WIN_20240825_21_54_01_Pro_jpg.rf.f762776ba8d5ef502c44523c4f6cb28d.jpg,1280,720,I Love You,814,414,1021,609
WIN_20240825_11_50_34_Pro_jpg.rf.f7cf3b4264a25520b1e8ff53bb1568b5.jpg,1280,720,NO,700,232,1008,447
WIN_20240825_21_53_09_Pro_jpg.rf.f62793e69026721ee231149f14338cff.jpg,1280,720,yes,310,430,550,670
WIN_20240825_21_53_09_Pro_jpg.rf.f62793e69026721ee231149f14338cff.jpg,1280,720,Signs,498,307,706,494
WIN_20240825_21_53_09_Pro_jpg.rf.f62793e69026721ee231149f14338cff.jpg,1280,720,I Love You,972,214,1270,460
WIN_20240825_21_51_36_Pro-2-_jpg.rf.f924634d6c2687ed1fb77046bdee6727.jpg,1280,720,Hello,0,242,242,519
WIN_20240825_21_51_36_Pro-2-_jpg.rf.f924634d6c2687ed1fb77046bdee6727.jpg,1280,720,Hello,929,203,1211,480
WIN_20240825_21_35_11_Pro_jpg.rf.f87229466e791f7221ad29c6adca1fa4.jpg,1280,720,yes,787,282,949,490
WIN_20240825_21_35_11_Pro_jpg.rf.f87229466e791f7221ad29c6adca1fa4.jpg,1280,720,NO,415,150,663,388
WIN_20240825_21_36_31_Pro_jpg.rf.fa4ef88b8b69e8dc151ce9422fa1c29a.jpg,1280,720,Thank You,194,255,481,530
WIN_20240825_21_38_30_Pro_jpg.rf.fb446ffae785a92c95654c96d8581f9c.jpg,1280,720,yes,420,55,694,322
WIN_20240825_21_34_48_Pro_jpg.rf.fb82bba23f994ab581ffe42b5be70c43.jpg,1280,720,I Love You,0,241,230,582
WIN_20240825_21_34_48_Pro_jpg.rf.fb82bba23f994ab581ffe42b5be70c43.jpg,1280,720,I Love You,694,232,909,466
WIN_20240825_21_51_05_Pro_jpg.rf.f9ce9a2a6437a2963a5cf551774509cf.jpg,1280,720,NO,259,415,482,613
WIN_20240825_21_51_05_Pro_jpg.rf.f9ce9a2a6437a2963a5cf551774509cf.jpg,1280,720,yes,909,240,1113,510
WIN_20240825_21_25_39_Pro_jpg.rf.faed8f6dfda98f55d6f77609679ac8a2.jpg,1280,720,I Love You,582,170,801,389
WIN_20240825_21_25_39_Pro_jpg.rf.faed8f6dfda98f55d6f77609679ac8a2.jpg,1280,720,Hello,294,144,478,424
WIN_20240825_21_16_46_Pro_jpg.rf.fdbea35c6a805908539b84603fb7d311.jpg,1280,720,NO,272,72,573,325
WIN_20240825_21_53_36_Pro_jpg.rf.fe027daa36aaa25ffcf346dabb436aa1.jpg,1280,720,Thank You,0,417,330,689
WIN_20240825_21_53_36_Pro_jpg.rf.fe027daa36aaa25ffcf346dabb436aa1.jpg,1280,720,I Love You,502,317,810,533
WIN_20240825_21_53_36_Pro_jpg.rf.fe027daa36aaa25ffcf346dabb436aa1.jpg,1280,720,NO,1012,309,1255,465
WIN_20240825_21_38_17_Pro_jpg.rf.fa9c326d159b912900da14ad10ef30d5.jpg,1280,720,NO,292,138,577,397
WIN_20240825_21_50_58_Pro_jpg.rf.f932cabc085557a8fb3e806885795b72.jpg,1280,720,Hello,117,300,406,546
WIN_20240825_21_50_58_Pro_jpg.rf.f932cabc085557a8fb3e806885795b72.jpg,1280,720,Thank You,640,327,1094,566
WIN_20240825_21_51_25_Pro_jpg.rf.fd2bc272ce9451ec5c965a979ef8f5ff.jpg,1280,720,Hello,917,140,1162,444
WIN_20240825_21_51_25_Pro_jpg.rf.fd2bc272ce9451ec5c965a979ef8f5ff.jpg,1280,720,Hello,77,75,377,349
WIN_20240825_21_54_09_Pro_jpg.rf.f8f8f5d5e14cfe1f361e82fcffd9ccd8.jpg,1280,720,I Love You,7,249,186,505
WIN_20240825_21_54_09_Pro_jpg.rf.f8f8f5d5e14cfe1f361e82fcffd9ccd8.jpg,1280,720,I Love You,335,384,536,600
WIN_20240825_21_54_09_Pro_jpg.rf.f8f8f5d5e14cfe1f361e82fcffd9ccd8.jpg,1280,720,yes,585,332,714,493
WIN_20240825_21_54_09_Pro_jpg.rf.f8f8f5d5e14cfe1f361e82fcffd9ccd8.jpg,1280,720,NO,839,382,1045,552
WIN_20240825_21_17_37_Pro-2-_jpg.rf.fc449671eff3482b89c3df32cab51aa5.jpg,1280,720,Thank You,384,222,743,486
WIN_20240825_21_43_33_Pro-2-_jpg.rf.fdac27619004c077b977de9001b8023c.jpg,1280,720,I Love You,824,322,1137,573
WIN_20240825_21_43_33_Pro-2-_jpg.rf.fdac27619004c077b977de9001b8023c.jpg,1280,720,Thank You,92,372,637,624
WIN_20240825_21_50_52_Pro_jpg.rf.f0e3463687171ca47576820823bfca80.jpg,1280,720,Hello,55,300,272,609
WIN_20240825_21_50_52_Pro_jpg.rf.f0e3463687171ca47576820823bfca80.jpg,1280,720,Thank You,653,371,1126,606
WIN_20240825_21_14_51_Pro_jpg.rf.f96c6fe646ecb0ca24029f2c37917f3d.jpg,1280,720,Hello,634,139,869,349
WIN_20240825_21_39_19_Pro_jpg.rf.fe34245017577b5a7f456072b72321c7.jpg,1280,720,yes,177,35,505,389
WIN_20240825_21_39_41_Pro-2-_jpg.rf.fd97c50af1f3ff2ef829bb910ee8c48e.jpg,1280,720,yes,284,87,597,314
WIN_20240825_21_39_27_Pro_jpg.rf.fe5167ee05f1e1d8b3eb6d656edbf6aa.jpg,1280,720,yes,337,142,703,366
WIN_20240825_21_51_06_Pro_jpg.rf.fc0e1f50fd1d727760edb7f9474a6d65.jpg,1280,720,NO,190,472,550,665
WIN_20240825_21_51_06_Pro_jpg.rf.fc0e1f50fd1d727760edb7f9474a6d65.jpg,1280,720,yes,605,432,794,678
WIN_20240825_21_51_06_Pro_jpg.rf.fc0e1f50fd1d727760edb7f9474a6d65.jpg,1280,720,yes,889,307,1102,597
WIN_20240825_21_37_10_Pro_jpg.rf.ffc006ea05eb60746c32570fa75031d7.jpg,1280,720,Thank You,4,229,456,472
WIN_20240825_21_53_30_Pro_jpg.rf.0197b593fe17f28ea4090bffd77e2827.jpg,1280,720,yes,1071,270,1280,462
WIN_20240825_21_53_30_Pro_jpg.rf.0197b593fe17f28ea4090bffd77e2827.jpg,1280,720,I Love You,397,489,608,656
WIN_20240825_21_53_30_Pro_jpg.rf.0197b593fe17f28ea4090bffd77e2827.jpg,1280,720,Thank You,4,389,301,720
Thanks-871f6415-62a9-11ef-8b74-94bb43b557c9_jpg.rf.062baf8d856b4d99d7cbafcedfd51557.jpg,640,480,Thank You,146,262,388,438
WIN_20240825_21_44_04_Pro_jpg.rf.001843d84705daf34449154be3d6035a.jpg,1280,720,NO,192,349,444,532
WIN_20240825_21_44_04_Pro_jpg.rf.001843d84705daf34449154be3d6035a.jpg,1280,720,Hello,907,149,1218,460
WIN_20240825_21_41_06_Pro-2-_jpg.rf.038a10f530f5e8eabd4cb79c3d82d154.jpg,1280,720,I Love You,467,270,729,632
WIN_20240825_21_41_09_Pro_jpg.rf.0620946427177856f1b4e4fa655a3a24.jpg,1280,720,I Love You,0,83,329,464
WIN_20240825_21_40_44_Pro_jpg.rf.06ce951d7682d0bc712db411906d555d.jpg,1280,720,NO,555,285,902,465
WIN_20240825_21_40_27_Pro_jpg.rf.0658ff3e5cd7389de7f4f8a4dcba2051.jpg,1280,720,NO,584,77,902,295
WIN_20240825_21_50_39_Pro_jpg.rf.06c5e52fd7fcb134092facbdb3850987.jpg,1280,720,I Love You,640,217,878,480
WIN_20240825_21_50_39_Pro_jpg.rf.06c5e52fd7fcb134092facbdb3850987.jpg,1280,720,yes,330,454,538,718
WIN_20240825_21_43_05_Pro_jpg.rf.0706fa58210c7fdf32420d48100a86d7.jpg,1280,720,yes,304,323,592,576
WIN_20240825_21_43_05_Pro_jpg.rf.0706fa58210c7fdf32420d48100a86d7.jpg,1280,720,Thank You,722,358,1214,594
WIN_20240825_21_54_20_Pro_jpg.rf.041abe8ff5647e9135b3db03af375ef5.jpg,1280,720,yes,4,370,153,602
WIN_20240825_21_54_20_Pro_jpg.rf.041abe8ff5647e9135b3db03af375ef5.jpg,1280,720,yes,289,405,473,613
WIN_20240825_21_54_20_Pro_jpg.rf.041abe8ff5647e9135b3db03af375ef5.jpg,1280,720,I Love You,507,295,669,465
WIN_20240825_21_54_20_Pro_jpg.rf.041abe8ff5647e9135b3db03af375ef5.jpg,1280,720,NO,807,384,939,560
WIN_20240825_21_54_20_Pro_jpg.rf.041abe8ff5647e9135b3db03af375ef5.jpg,1280,720,NO,1102,285,1280,454
WIN_20240825_21_43_10_Pro_jpg.rf.01ae79af008fded6ada29085663b4dd1.jpg,1280,720,yes,152,342,392,622
WIN_20240825_21_43_10_Pro_jpg.rf.01ae79af008fded6ada29085663b4dd1.jpg,1280,720,Thank You,664,372,1095,665
WIN_20240825_18_34_28_Pro_jpg.rf.023756cbd084e351e48bc0f14b4e9324.jpg,1280,720,yes,330,220,566,368
Hello-549d2fd1-62a9-11ef-805b-94bb43b557c9_jpg.rf.02d73a1e7c33d91f326a6b93817231d3.jpg,640,480,Hello,131,128,288,331
IloveYou-9d04a17a-62a9-11ef-af85-94bb43b557c9_jpg.rf.01148884f797fd290b9f46e27418bd47.jpg,640,480,I Love You,267,169,447,339
WIN_20240825_21_50_50_Pro_jpg.rf.083e5ff05ab41c056d37871c4d2d827c.jpg,1280,720,Hello,257,275,538,524
WIN_20240825_21_50_50_Pro_jpg.rf.083e5ff05ab41c056d37871c4d2d827c.jpg,1280,720,Thank You,659,378,1045,608
WIN_20240825_21_36_48_Pro_jpg.rf.0a3dddcc462f8eeed00cce57bb3dec87.jpg,1280,720,yes,300,402,608,720
WIN_20240825_21_41_12_Pro_jpg.rf.071c63ffc2cfcc08e92df1f3604cceb5.jpg,1280,720,I Love You,584,282,903,566
WIN_20240825_21_14_52_Pro_jpg.rf.0860613e34f64a31027e9a94dfe68e42.jpg,1280,720,Hello,650,102,874,350
WIN_20240825_21_39_34_Pro_jpg.rf.0b367b5db0dcb33e67a6809de691b24c.jpg,1280,720,yes,670,180,955,464
WIN_20240825_21_39_57_Pro-2-_jpg.rf.0879d6361863e91430c89607ad10bab1.jpg,1280,720,yes,490,339,734,661
WIN_20240825_21_51_00_Pro_jpg.rf.0cb619619324459ae96667343029d4b7.jpg,1280,720,Hello,334,305,608,584
WIN_20240825_21_51_00_Pro_jpg.rf.0cb619619324459ae96667343029d4b7.jpg,1280,720,NO,579,545,597,555
WIN_20240825_21_51_00_Pro_jpg.rf.0cb619619324459ae96667343029d4b7.jpg,1280,720,Thank You,674,419,1078,632
WIN_20240825_18_34_26_Pro_jpg.rf.07fef3dbb031c4aee8f17f8f6f842747.jpg,1280,720,yes,357,195,564,317
WIN_20240825_21_17_00_Pro_jpg.rf.0a5f2da0f2e8b88a30f662424ae543d8.jpg,1280,720,NO,304,212,537,404
WIN_20240825_21_15_44_Pro_jpg.rf.097a6b001783144fb8b67cbc7e2bad68.jpg,1280,720,yes,630,273,807,557
WIN_20240825_21_50_26_Pro_jpg.rf.0e79d3130e4d10442b240b89a9cf1dea.jpg,1280,720,Thank You,147,405,553,636
WIN_20240825_11_49_42_Pro_jpg.rf.0efcd4251081a4d55887257552da19f3.jpg,1280,720,Hello,272,107,553,409
WIN_20240825_21_15_12_Pro_jpg.rf.0a41a63b30e3f9c7bd351d209c5270fd.jpg,1280,720,Hello,405,102,589,265
WIN_20240825_21_41_49_Pro_jpg.rf.0b810c925f574afc8c37fc59f36702fb.jpg,1280,720,Thank You,255,319,730,624
WIN_20240825_21_39_35_Pro_jpg.rf.0a6b49346134562a8c9aa3a33ad5f35f.jpg,1280,720,yes,497,155,813,436
WIN_20240825_21_39_53_Pro_jpg.rf.0abc2ce78354b681ee8a5cc972f7ce4a.jpg,1280,720,yes,825,230,1051,548
WIN_20240825_21_17_22_Pro_jpg.rf.09d3e70146f4076b2bb682e76af06be6.jpg,1280,720,Thank You,350,207,782,464
WIN_20240825_21_41_30_Pro-2-_jpg.rf.0fd63bd3171d303d1f6bc67b6ec5a7ad.jpg,1280,720,I Love You,815,201,1138,542
WIN_20240825_21_41_25_Pro-2-_jpg.rf.0eaccd06c7a3a64d934ba82fb014acf8.jpg,1280,720,I Love You,319,200,561,461
WIN_20240825_21_52_29_Pro_jpg.rf.0dab7a122d6a1c93966958a3e40fcc02.jpg,1280,720,Hello,290,264,485,481
WIN_20240825_21_52_29_Pro_jpg.rf.0dab7a122d6a1c93966958a3e40fcc02.jpg,1280,720,Hello,474,255,649,430
WIN_20240825_21_52_29_Pro_jpg.rf.0dab7a122d6a1c93966958a3e40fcc02.jpg,1280,720,Hello,1010,194,1255,528
WIN_20240825_21_15_35_Pro_jpg.rf.0f5c961f8cc91a841f376c287a2e4c79.jpg,1280,720,I Love You,314,214,570,413
WIN_20240825_18_38_38_Pro_jpg.rf.0b2ff512712b2156c6b2a541235e35f3.jpg,1280,720,NO,510,269,731,449
WIN_20240825_21_41_45_Pro-2-_jpg.rf.1115796e61329f7c0459dc2ba809a2f4.jpg,1280,720,Thank You,199,344,722,616
WIN_20240825_21_41_34_Pro-2-_jpg.rf.0db5527e0ad51a3100aae31dda2dfacd.jpg,1280,720,I Love You,757,189,1030,509
WIN_20240825_21_35_31_Pro-2-_jpg.rf.106471bfd27378f8be4407ea62066c37.jpg,1280,720,Hello,4,62,289,386
WIN_20240825_21_35_31_Pro-2-_jpg.rf.106471bfd27378f8be4407ea62066c37.jpg,1280,720,Thank You,837,309,1234,572
WIN_20240825_21_51_34_Pro_jpg.rf.1480cb8372779c0602eccb180eba75be.jpg,1280,720,Hello,24,189,265,505
WIN_20240825_21_51_34_Pro_jpg.rf.1480cb8372779c0602eccb180eba75be.jpg,1280,720,Hello,852,199,1182,426
WIN_20240825_21_40_03_Pro-2-_jpg.rf.0f76bf423d5b68b4ff5c5fb8e4a86d4c.jpg,1280,720,yes,462,225,710,501
WIN_20240825_21_37_02_Pro_jpg.rf.11a0ee91407f01a9ca721b57907fa71d.jpg,1280,720,Thank You,357,384,911,662
WIN_20240825_21_41_29_Pro_jpg.rf.1114fcc349432d7ae2e43fd0b82d9c08.jpg,1280,720,I Love You,714,279,994,584
WIN_20240825_21_51_28_Pro_jpg.rf.11882f2928439f027a69b071acab8f47.jpg,1280,720,Hello,48,91,262,446
WIN_20240825_21_51_28_Pro_jpg.rf.11882f2928439f027a69b071acab8f47.jpg,1280,720,Hello,917,120,1173,406
WIN_20240825_21_43_51_Pro-2-_jpg.rf.11d3faf20ec81d2777e1e3cc19117453.jpg,1280,720,Hello,1054,125,1280,416
WIN_20240825_21_43_51_Pro-2-_jpg.rf.11d3faf20ec81d2777e1e3cc19117453.jpg,1280,720,NO,0,350,277,552
WIN_20240825_21_39_41_Pro_jpg.rf.13f47dcf4894e688e04da82a3457d922.jpg,1280,720,yes,450,0,838,280
WIN_20240825_18_34_11_Pro_jpg.rf.10963c68ad97c37ef9133a5d92df2c96.jpg,1280,720,I Love You,285,262,546,488
WIN_20240825_21_37_48_Pro_jpg.rf.14751adfca7d738714a61a90e8af8f3a.jpg,1280,720,I Love You,624,275,806,489
WIN_20240825_21_41_20_Pro_jpg.rf.141ba10c882ef04889c3d6316f86ee61.jpg,1280,720,I Love You,416,10,633,302
WIN_20240825_21_41_20_Pro_jpg.rf.141ba10c882ef04889c3d6316f86ee61.jpg,1280,720,I Love You,729,119,998,413
WIN_20240825_21_53_18_Pro_jpg.rf.1bafbd5f9e01c0c0340bf5faa08372ac.jpg,1280,720,Thank You,870,475,1258,674
WIN_20240825_21_53_18_Pro_jpg.rf.1bafbd5f9e01c0c0340bf5faa08372ac.jpg,1280,720,NO,564,459,817,590
WIN_20240825_21_53_18_Pro_jpg.rf.1bafbd5f9e01c0c0340bf5faa08372ac.jpg,1280,720,yes,75,435,333,690
WIN_20240825_21_43_11_Pro-2-_jpg.rf.18d8d5aafa8b740e2daa5a429ac5a21d.jpg,1280,720,Thank You,788,294,1234,572
WIN_20240825_21_43_11_Pro-2-_jpg.rf.18d8d5aafa8b740e2daa5a429ac5a21d.jpg,1280,720,yes,100,129,402,453
WIN_20240825_21_40_34_Pro_jpg.rf.1edeeccb5587577ea95146f99f4d5c2a.jpg,1280,720,NO,724,122,1053,321
WIN_20240825_21_44_09_Pro_jpg.rf.17700b1578e7cb0683aa6613b3e1c765.jpg,1280,720,Hello,821,217,1075,464
WIN_20240825_21_44_09_Pro_jpg.rf.17700b1578e7cb0683aa6613b3e1c765.jpg,1280,720,NO,335,329,617,490
WIN_20240825_21_51_29_Pro_jpg.rf.17d309bd6ef8d3eddbc9bb13dc91441a.jpg,1280,720,Hello,214,39,534,353
WIN_20240825_21_51_29_Pro_jpg.rf.17d309bd6ef8d3eddbc9bb13dc91441a.jpg,1280,720,Hello,892,139,1193,420
WIN_20240825_18_34_26_Pro-5-_jpg.rf.19bf42bb38b0458372d6cf8ae53e9e01.jpg,1280,720,yes,346,200,549,402
WIN_20240825_21_36_00_Pro_jpg.rf.1e6c405d53fab81bf12bacfb1c8e5a21.jpg,1280,720,Hello,823,286,1035,622
WIN_20240825_21_36_00_Pro_jpg.rf.1e6c405d53fab81bf12bacfb1c8e5a21.jpg,1280,720,Hello,40,22,302,394
WIN_20240825_21_50_09_Pro_jpg.rf.19f17f30ac893e21d94594970953e3e9.jpg,1280,720,I Love You,215,195,505,457
WIN_20240825_21_50_09_Pro_jpg.rf.19f17f30ac893e21d94594970953e3e9.jpg,1280,720,Hello,979,82,1279,389
WIN_20240825_21_41_52_Pro_jpg.rf.1496854fdbc89bc0184b6dfbee7b314f.jpg,1280,720,Thank You,509,242,918,514
WIN_20240825_21_37_58_Pro_jpg.rf.1468a7744f44bbc7d622a29c3795401f.jpg,1280,720,I Love You,305,189,518,444
WIN_20240825_21_40_22_Pro-2-_jpg.rf.14cb1eb0c15bdb12837ce84e96ca2999.jpg,1280,720,NO,264,69,617,219
WIN_20240825_21_15_36_Pro_jpg.rf.1dbc168fb77a767122246fe5177d5b8c.jpg,1280,720,I Love You,370,159,584,355
WIN_20240825_21_40_51_Pro_jpg.rf.1bb9923965cad0947fe5d960b73f53b8.jpg,1280,720,NO,187,267,536,522
WIN_20240825_21_41_11_Pro_jpg.rf.201e9c6762848470f252b4406c60b919.jpg,1280,720,I Love You,401,229,658,530
WIN_20240825_21_54_08_Pro-2-_jpg.rf.1ff2432b6bf115d8c1cc262254291097.jpg,1280,720,I Love You,2,287,210,518
WIN_20240825_21_54_08_Pro-2-_jpg.rf.1ff2432b6bf115d8c1cc262254291097.jpg,1280,720,I Love You,355,398,517,594
WIN_20240825_21_54_08_Pro-2-_jpg.rf.1ff2432b6bf115d8c1cc262254291097.jpg,1280,720,yes,603,469,797,630
WIN_20240825_21_54_08_Pro-2-_jpg.rf.1ff2432b6bf115d8c1cc262254291097.jpg,1280,720,NO,822,374,1043,538
WIN_20240825_21_52_19_Pro-2-_jpg.rf.18b13f86b02de48d46ae055f985bbe10.jpg,1280,720,Hello,1035,227,1254,453
WIN_20240825_21_52_19_Pro-2-_jpg.rf.18b13f86b02de48d46ae055f985bbe10.jpg,1280,720,Hello,515,300,669,457
WIN_20240825_21_52_19_Pro-2-_jpg.rf.18b13f86b02de48d46ae055f985bbe10.jpg,1280,720,I Love You,235,449,478,648
WIN_20240825_21_42_36_Pro-2-_jpg.rf.16c7a358ab7dcb9ec6c7c658967ed119.jpg,1280,720,Hello,15,115,336,456
WIN_20240825_21_42_36_Pro-2-_jpg.rf.16c7a358ab7dcb9ec6c7c658967ed119.jpg,1280,720,yes,649,375,891,649
WIN_20240825_21_53_50_Pro-2-_jpg.rf.1c5e81d5f6165703d1312e44f1e21d6b.jpg,1280,720,NO,220,254,385,488
WIN_20240825_21_53_50_Pro-2-_jpg.rf.1c5e81d5f6165703d1312e44f1e21d6b.jpg,1280,720,Thank You,437,432,649,638
WIN_20240825_21_53_50_Pro-2-_jpg.rf.1c5e81d5f6165703d1312e44f1e21d6b.jpg,1280,720,I Love You,1030,269,1245,525
WIN_20240825_21_15_31_Pro_jpg.rf.21ef61c617dd7fdd7c47e5340935cd3d.jpg,1280,720,I Love You,316,116,562,338
WIN_20240825_21_40_41_Pro_jpg.rf.1eb8e5a25fdf35a342892ebdbdb65251.jpg,1280,720,NO,294,200,609,398
WIN_20240825_21_42_48_Pro_jpg.rf.234c0199381c25e44e3e3f8c69cde64a.jpg,1280,720,I Love You,60,144,449,432
WIN_20240825_21_42_48_Pro_jpg.rf.234c0199381c25e44e3e3f8c69cde64a.jpg,1280,720,NO,628,254,877,456
WIN_20240825_21_39_54_Pro_jpg.rf.2174445c1ffafda870e639a0cf0e18d4.jpg,1280,720,yes,752,92,951,333
WIN_20240825_21_41_57_Pro_jpg.rf.204a2f05f6885c873a37950fbd07acdf.jpg,1280,720,Thank You,445,394,879,694
WIN_20240825_21_36_08_Pro-2-_jpg.rf.25270d09b57f1e97c91c52ec1cd98cf8.jpg,1280,720,yes,1049,212,1280,557
WIN_20240825_21_36_08_Pro-2-_jpg.rf.25270d09b57f1e97c91c52ec1cd98cf8.jpg,1280,720,yes,112,222,334,513
WIN_20240825_21_53_15_Pro_jpg.rf.2025aabeffa4a16e8d20835dfb25e4ec.jpg,1280,720,I Love You,982,290,1198,498
WIN_20240825_21_53_15_Pro_jpg.rf.2025aabeffa4a16e8d20835dfb25e4ec.jpg,1280,720,NO,647,382,805,545
WIN_20240825_21_53_15_Pro_jpg.rf.2025aabeffa4a16e8d20835dfb25e4ec.jpg,1280,720,yes,44,329,261,606
WIN_20240825_21_41_06_Pro_jpg.rf.2599a92c244d1a33cff55ab652e0b1bb.jpg,1280,720,I Love You,417,167,738,520
WIN_20240825_18_38_03_Pro_jpg.rf.25cc47f832b3f58db8a0a0f7cc7dacf1.jpg,1280,720,I Love You,458,251,710,429
WIN_20240825_21_41_41_Pro_jpg.rf.23c4465d9080397cf1ac7de1c5e00e3e.jpg,1280,720,Thank You,434,400,831,696
WIN_20240825_21_16_59_Pro_jpg.rf.24c09ac7e1ec57f5c3e7134f488b8cb3.jpg,1280,720,NO,667,142,933,334
WIN_20240825_18_34_17_Pro_jpg.rf.293e852cf9fd57fee80a2af5ca9a5f04.jpg,1280,720,Hello,377,160,606,390
WIN_20240825_21_43_17_Pro_jpg.rf.2a89933ab6a979642df848a39200e0a6.jpg,1280,720,yes,419,260,713,606
WIN_20240825_21_43_17_Pro_jpg.rf.2a89933ab6a979642df848a39200e0a6.jpg,1280,720,Thank You,777,302,1178,553
WIN_20240825_21_52_46_Pro_jpg.rf.2c5ed2c39677914126ecf2e4058e6610.jpg,1280,720,Hello,274,270,494,505
WIN_20240825_21_52_46_Pro_jpg.rf.2c5ed2c39677914126ecf2e4058e6610.jpg,1280,720,Hello,547,264,711,437
WIN_20240825_21_52_46_Pro_jpg.rf.2c5ed2c39677914126ecf2e4058e6610.jpg,1280,720,Hello,980,264,1214,468
WIN_20240825_21_39_33_Pro_jpg.rf.27db77eb4c21e9532e12f0f784ae0764.jpg,1280,720,yes,224,249,454,506
WIN_20240825_21_50_14_Pro-2-_jpg.rf.268d71ee0b42360c243c483b86feba5c.jpg,1280,720,Hello,634,231,918,517
WIN_20240825_21_50_14_Pro-2-_jpg.rf.268d71ee0b42360c243c483b86feba5c.jpg,1280,720,I Love You,65,100,340,385
WIN_20240825_21_43_30_Pro_jpg.rf.2a0782cb25dce2ee1d61f909d4e31103.jpg,1280,720,I Love You,855,345,1038,557
WIN_20240825_21_43_30_Pro_jpg.rf.2a0782cb25dce2ee1d61f909d4e31103.jpg,1280,720,Thank You,135,397,610,625
WIN_20240825_21_39_39_Pro_jpg.rf.27e1e44738fc23e1dc57398ac6d3023d.jpg,1280,720,yes,200,82,430,348
WIN_20240825_21_34_57_Pro_jpg.rf.2849d426a6634588ae1408cf738426b3.jpg,1280,720,NO,0,130,258,355
WIN_20240825_21_41_19_Pro_jpg.rf.26dcb234f3d831823b8b48ea954e61e3.jpg,1280,720,I Love You,674,2,942,283
WIN_20240825_21_41_19_Pro_jpg.rf.26dcb234f3d831823b8b48ea954e61e3.jpg,1280,720,I Love You,324,122,573,376
WIN_20240825_21_17_03_Pro_jpg.rf.2792a6cfb67b4fa10785be672931cd2f.jpg,1280,720,NO,604,152,878,432
WIN_20240825_21_36_41_Pro-2-_jpg.rf.27e75966a3ccedefe9c88f4dfd69bb46.jpg,1280,720,NO,230,249,548,533
WIN_20240825_18_34_13_Pro-6-_jpg.rf.2d07a1f03211be17d08cf8090e9bcbe2.jpg,1280,720,I Love You,379,147,598,337
WIN_20240825_21_41_14_Pro-2-_jpg.rf.2d149b1a9343c9f3c51a26518e12b578.jpg,1280,720,I Love You,640,147,1011,652
WIN_20240825_21_39_15_Pro_jpg.rf.2d9ea5f569c090bb2dd0159ead4d110c.jpg,1280,720,yes,259,92,516,412
WIN_20240825_21_53_28_Pro_jpg.rf.2936a77197df37899f2adff5d0e25103.jpg,1280,720,NO,1057,342,1280,485
WIN_20240825_21_53_28_Pro_jpg.rf.2936a77197df37899f2adff5d0e25103.jpg,1280,720,I Love You,607,295,773,468
WIN_20240825_21_53_28_Pro_jpg.rf.2936a77197df37899f2adff5d0e25103.jpg,1280,720,Thank You,0,388,304,676
WIN_20240825_18_39_12_Pro_jpg.rf.2a8fdfaf2f84b575f2bc47839ec3c930.jpg,1280,720,Thank You,620,242,997,440
WIN_20240825_21_42_39_Pro_jpg.rf.2b7e99db8c52d510179ef5e86ed96edd.jpg,1280,720,Hello,50,4,322,386
WIN_20240825_21_42_39_Pro_jpg.rf.2b7e99db8c52d510179ef5e86ed96edd.jpg,1280,720,yes,663,115,897,401
WIN_20240825_21_14_59_Pro_jpg.rf.27f44ff0bfac7521dbe92dabad4f9093.jpg,1280,720,Hello,564,187,846,448
WIN_20240825_18_34_23_Pro-2-_jpg.rf.29c98805923cf31c00d893cc42809ab7.jpg,1280,720,yes,296,234,487,425
WIN_20240825_21_53_26_Pro_jpg.rf.2dff33b6312f8d033a19b97d7262f67e.jpg,1280,720,NO,1055,298,1280,472
WIN_20240825_21_53_26_Pro_jpg.rf.2dff33b6312f8d033a19b97d7262f67e.jpg,1280,720,I Love You,469,350,631,536
WIN_20240825_21_53_26_Pro_jpg.rf.2dff33b6312f8d033a19b97d7262f67e.jpg,1280,720,Thank You,27,415,357,665
WIN_20240825_21_38_36_Pro_jpg.rf.2dc2f8225d0211d4e9afa070e9758bf6.jpg,1280,720,yes,1,298,172,570
WIN_20240825_21_51_39_Pro_jpg.rf.2cb36a8febf12427fbc16ac8888c53b7.jpg,1280,720,Hello,107,323,297,605
WIN_20240825_21_51_39_Pro_jpg.rf.2cb36a8febf12427fbc16ac8888c53b7.jpg,1280,720,Hello,950,142,1233,464
WIN_20240825_21_50_47_Pro_jpg.rf.2db6b7aa9139d5a631d7be495fc2aea1.jpg,1280,720,Hello,203,44,486,352
WIN_20240825_21_50_47_Pro_jpg.rf.2db6b7aa9139d5a631d7be495fc2aea1.jpg,1280,720,Thank You,665,367,1039,581
WIN_20240825_21_53_45_Pro-2-_jpg.rf.3051cf1f22d111bb49823b5c36f93cc6.jpg,1280,720,Thank You,474,513,810,681
WIN_20240825_21_53_45_Pro-2-_jpg.rf.3051cf1f22d111bb49823b5c36f93cc6.jpg,1280,720,yes,1070,192,1210,492
WIN_20240825_21_43_35_Pro_jpg.rf.2fb702cb765702bcf7fec1247523e737.jpg,1280,720,I Love You,774,361,1069,622
WIN_20240825_21_43_35_Pro_jpg.rf.2fb702cb765702bcf7fec1247523e737.jpg,1280,720,Thank You,130,302,604,556
WIN_20240825_21_50_18_Pro-2-_jpg.rf.2ec88bd90c4225ef12a36b414b87a43e.jpg,1280,720,Thank You,69,369,602,618
WIN_20240825_21_50_18_Pro-2-_jpg.rf.2ec88bd90c4225ef12a36b414b87a43e.jpg,1280,720,yes,870,289,1103,548
WIN_20240825_21_15_09_Pro_jpg.rf.2d9fa282fd6ab3c57dbd69d152ff4d9d.jpg,1280,720,Hello,697,105,894,311
WIN_20240825_18_34_27_Pro_jpg.rf.3010836d2811ce7149b6f531618400a4.jpg,1280,720,yes,334,194,510,386
WIN_20240825_21_52_47_Pro_jpg.rf.30e419a895bb7701672c345ef9fb77fa.jpg,1280,720,Hello,256,219,465,448
WIN_20240825_21_52_47_Pro_jpg.rf.30e419a895bb7701672c345ef9fb77fa.jpg,1280,720,Hello,477,399,620,529
WIN_20240825_21_52_47_Pro_jpg.rf.30e419a895bb7701672c345ef9fb77fa.jpg,1280,720,Hello,1037,240,1203,461
WIN_20240825_21_41_47_Pro_jpg.rf.317c085265cab67ce35134e33c4a41b4.jpg,1280,720,Thank You,606,430,1230,720
WIN_20240825_21_42_00_Pro_jpg.rf.310dc962330b910f2479bb503dabad2c.jpg,1280,720,Thank You,425,340,835,610
WIN_20240825_21_41_22_Pro_jpg.rf.2f99e36e31d60e3419a2d21c7d45eba2.jpg,1280,720,I Love You,604,227,922,536
WIN_20240825_21_40_10_Pro_jpg.rf.31195ff6a9e96b60769f33d6d6b31c37.jpg,1280,720,yes,342,482,564,719
WIN_20240825_21_16_57_Pro_jpg.rf.31112d70079d744bc7bf506221ea5b81.jpg,1280,720,NO,675,164,909,349
WIN_20240825_21_40_24_Pro-2-_jpg.rf.327b7db21694a4ecce7db55eaa31c1b5.jpg,1280,720,NO,547,345,891,526
WIN_20240825_21_53_29_Pro-2-_jpg.rf.32d703b735f9d75c72c0ae75d9dd8415.jpg,1280,720,Thank You,0,434,314,714
WIN_20240825_21_53_29_Pro-2-_jpg.rf.32d703b735f9d75c72c0ae75d9dd8415.jpg,1280,720,yes,1012,329,1251,480
WIN_20240825_21_53_25_Pro_jpg.rf.323a0005b400408a3bade733c43b61a7.jpg,1280,720,NO,1057,334,1280,504
WIN_20240825_21_53_25_Pro_jpg.rf.323a0005b400408a3bade733c43b61a7.jpg,1280,720,I Love You,525,257,759,436
WIN_20240825_21_53_25_Pro_jpg.rf.323a0005b400408a3bade733c43b61a7.jpg,1280,720,Thank You,2,415,372,670
WIN_20240825_21_42_54_Pro_jpg.rf.309ed94db05598ff0a374a1f56c828b7.jpg,1280,720,NO,844,222,1113,406
WIN_20240825_21_42_54_Pro_jpg.rf.309ed94db05598ff0a374a1f56c828b7.jpg,1280,720,I Love You,310,142,658,504
WIN_20240825_21_37_45_Pro_jpg.rf.32f19cb2417471c06572db76f82b1c51.jpg,1280,720,I Love You,472,405,675,604
WIN_20240825_21_51_08_Pro-2-_jpg.rf.34ff7b3d6b1961ce64547123de39890c.jpg,1280,720,NO,54,101,346,325
WIN_20240825_21_41_40_Pro-2-_jpg.rf.38df506164e1ad239139a1e8da2e58c7.jpg,1280,720,Thank You,275,302,989,606
WIN_20240825_18_37_37_Pro_jpg.rf.31b76a87e6c760adf291a920e0bc0e6c.jpg,1280,720,I Love You,222,74,422,282
WIN_20240825_18_37_37_Pro_jpg.rf.31b76a87e6c760adf291a920e0bc0e6c.jpg,1280,720,I Love You,760,107,969,315
WIN_20240825_21_25_47_Pro_jpg.rf.34c99a59d53ab6bf2aa33012b6c44abc.jpg,1280,720,I Love You,237,162,492,385
WIN_20240825_21_25_47_Pro_jpg.rf.34c99a59d53ab6bf2aa33012b6c44abc.jpg,1280,720,NO,974,89,1237,303
WIN_20240825_21_39_42_Pro-2-_jpg.rf.326b9470d77e7206725cb741aa00d7df.jpg,1280,720,yes,194,167,424,436
WIN_20240825_21_50_35_Pro_jpg.rf.33989a16be71eacf674c15ca884e4f7a.jpg,1280,720,yes,0,85,303,346
WIN_20240825_21_50_35_Pro_jpg.rf.33989a16be71eacf674c15ca884e4f7a.jpg,1280,720,I Love You,910,157,1194,461
WIN_20240825_21_54_06_Pro_jpg.rf.38cd604bc057b53493daa21e2fdb9ec9.jpg,1280,720,I Love You,5,224,186,572
WIN_20240825_21_54_06_Pro_jpg.rf.38cd604bc057b53493daa21e2fdb9ec9.jpg,1280,720,I Love You,810,389,1005,572
WIN_20240825_21_54_06_Pro_jpg.rf.38cd604bc057b53493daa21e2fdb9ec9.jpg,1280,720,yes,632,432,754,609
WIN_20240825_21_38_34_Pro_jpg.rf.34d349fdabcc96d188f958355f93ff16.jpg,1280,720,yes,170,402,425,612
WIN_20240825_21_42_01_Pro_jpg.rf.3829008d8b35652c20e12787b6867642.jpg,1280,720,Thank You,405,341,889,630
WIN_20240825_21_40_19_Pro_jpg.rf.358d6d713532fd680f8e0675c22ad4ef.jpg,1280,720,NO,365,335,703,588
WIN_20240825_18_34_20_Pro-4-_jpg.rf.3b291d066f46db5bbf1cd1c12d11973b.jpg,1280,720,Hello,724,132,937,365
WIN_20240825_21_25_24_Pro_jpg.rf.333213df87a326c5ec425cc628bbd0b9.jpg,1280,720,Hello,315,169,516,361
WIN_20240825_21_25_24_Pro_jpg.rf.333213df87a326c5ec425cc628bbd0b9.jpg,1280,720,Hello,564,45,839,376
WIN_20240825_18_38_37_Pro_jpg.rf.383b62bce70071c0883d7e8eebdd9072.jpg,1280,720,NO,505,249,715,418
WIN_20240825_21_53_27_Pro_jpg.rf.37f9fdc3a40725a85166554080b064a8.jpg,1280,720,Thank You,14,409,362,677
WIN_20240825_21_53_27_Pro_jpg.rf.37f9fdc3a40725a85166554080b064a8.jpg,1280,720,I Love You,565,489,795,628
WIN_20240825_21_53_27_Pro_jpg.rf.37f9fdc3a40725a85166554080b064a8.jpg,1280,720,NO,1045,259,1266,484
WIN_20240825_21_40_50_Pro_jpg.rf.37eb1a8a3ede5f88a447d9fb9025ff17.jpg,1280,720,NO,247,204,612,396
WIN_20240825_18_39_13_Pro_jpg.rf.3ac8b785146b568fa3158ce1c5e9e0e4.jpg,1280,720,Thank You,614,230,909,485
WIN_20240825_21_37_13_Pro_jpg.rf.39dee097da0a86fbe2a6af2cfa3cc400.jpg,1280,720,Thank You,340,322,785,574
WIN_20240825_21_50_14_Pro-4-_jpg.rf.364daa06b9fea7e59d8ee8e68906e0a0.jpg,1280,720,Hello,588,308,801,562
WIN_20240825_21_50_14_Pro-4-_jpg.rf.364daa06b9fea7e59d8ee8e68906e0a0.jpg,1280,720,I Love You,314,407,493,641
WIN_20240825_21_43_12_Pro_jpg.rf.3a446ab92ed89e0a7f30445b17b353a1.jpg,1280,720,yes,65,297,356,584
WIN_20240825_21_43_12_Pro_jpg.rf.3a446ab92ed89e0a7f30445b17b353a1.jpg,1280,720,Thank You,829,274,1279,492